youareyooslow, 1
foul, 5
four, 1
Does, 2
//t.co/VMMohRllsI, 1
Livingstone, 1
Western, 1
//t.co/X5knEsFIrS, 1
WARRIORSvCAVS, 277
deli, 1
bringing, 3
Spurs, 2
tristanthompsoncantmakefreethrows, 1
haben, 1
//t.co/MYnHRXujlP, 1
NBA519, 1
tired, 2
second, 4
//t.co/fBiishtgti, 1
WarriorParade, 2
BasketTodo, 1
cooking, 7
saludos, 1
spartanswill, 1
TIRADALIBRE, 1
here, 17
IAmSecond, 3
kids, 1
CavaliersvsWarriors, 1
NOT, 1
NOW, 5
NOPE, 1
rickross, 1
golden, 7
AllDay, 2
Three, 2
Viendo, 1
Celebratin, 2
Skates, 1
Jumper, 1
//t.co/grN1G0MxTE, 1
until, 5
btwradioshow, 1
notin, 1
holy, 1
relax, 1
successful, 1
brings, 3
hurt, 3
99, 1
91, 8
90, 3
hold, 3
95, 1
97, 3
96, 1
SHIPPING, 2
season.., 1
OFFICIALARCANUM, 17
Je_suis_nice, 3
sweeter, 1
Chawk1003, 1
Le, 2
La, 26
finalment, 1
Hahah, 1
want, 36
skadem, 1
Appadoo, 1
absolute, 1
FullHouse, 26
//t.co/T8RCf0yQjv, 1
LA, 6
//t.co/KIeUwyHeIQ, 1
Jetzt, 1
machine, 3
how, 23
hot, 2
Falcon, 1
Mullins, 1
hoy, 2
A, 54
Hardtotell, 1
L., 1
JaaaaaaMMMMM, 1
//t.co/ZMkr4swbV0, 1
sambivalent, 1
wrong, 6
unselfish, 1
turnovers, 1
+9.5, 2
Hoping, 1
-sweet, 1
UNLIMITED, 1
ESPNDeportesLA, 1
Fabulous, 2
Gush21, 4
Another, 6
keeps, 2
//t.co/61mIHXflPO, 1
blind, 1
peux, 1
omitsky, 2
442NBA, 2
//t.co/UKdKIaVyoZ, 1
eddiemcflly, 1
rewarded, 1
TRUE, 2
Told, 1
Werdum, 2
His, 1
NBAChampions-, 1
//t.co/p4uTxTyGPq, 1
BmoresOwnPLH, 2
OmarSinZacLeon, 1
Kongrats, 1
fin, 3
YALL, 25
There, 17
//t.co/TQB1zwHe4O, 1
Muslims_USA, 3
goldenstateofmind, 1
//t.co/exTxcb1xMF, 1
fireeeee, 1
Shame, 1
series, 42
2day, 1
ring, 10
Part, 4
Haha, 5
toute, 1
ra, 1
smh, 4
YourboyQ254, 1
Super, 1
//t.co/5eqAuap8Vs, 1
saelahunplugged, 1
Work, 1
lisleclark88, 1
//t.co/ZgkkT9rA7H, 1
weniger, 1
3Kings, 1
SportsInTheBay_, 3
Ventaja, 2
ADaimiel, 3
heading, 4
//t.co/9QM2zcT74m, 2
RileyforMVP, 1
MVPs, 2
2015/6/15, 1
//t.co/LoUj521TDY, 3
Dub, 2
Please, 12
reppin, 1
basketball, 16
C'mon, 4
lego, 1
needed, 3
doomsdayIII, 1
listen, 1
StanceSocks, 3
1more, 2
YAS, 1
ANILLO, 1
//t.co/JLyND7Qz2k, 1
Victory, 2
Oracle, 6
Daddy, 1
Beautiful, 1
Beginn, 2
showed, 2
MVP5678, 1
shower, 1
feeling, 5
Lebron, 85
este, 3
esta, 5
estn, 1
Keeping, 1
//t.co/YTK4M3k1QK, 1
//t.co/mFn2odt4IW, 1
kna, 1
allycenzon24, 2
Then, 1
Them, 8
preparado, 3
//t.co/zttfLs9Vbu, 2
Bang, 1
They, 19
season, 41
Asi, 1
Wish, 1
nuevos, 1
NBAFinale, 1
victoria, 1
y, 24
dormiresdecobardes, 2
letter, 1
jumpin, 1
u'r, 1
drought, 4
NBAFinals, 447
//t.co/qnc6jQCDmt, 1
//t.co/YPS55Mlg4v, 1
FACE, 1
//t.co/FKv0j600Nx, 1
tech, 2
//t.co/TDTdgDlLLf, 7
scream, 1
came, 10
saying, 7
bomb, 1
//t.co/x01G4NzKjf, 1
WarriorVs, 1
//t.co/kmrtjLky2I, 1
touches, 1
LIVE, 1
touched, 1
ASSASSIN, 1
//t.co/09k0CZ2Nvn, 1
champaign, 1
COOKING, 1
//t.co/ebwH3Gr1Ew, 1
boutta, 2
//t.co/MCLUlXDs9m, 1
llevando, 1
Nets, 1
GotDaaCakee, 1
fait, 2
S/O, 2
bled, 2
goodnight, 1
imho, 1
WarriorsTeamMVP, 1
//t.co/dlYqJPOATh, 1
hammer, 1
best, 71
WorldChamps, 4
Nikoleye, 1
rings, 2
S/o, 1
nbaESPN, 23
jarrydhayne_1, 53
FinalsMvp, 1
Greeny, 1
Knick, 1
wth, 1
x_SimplyAssKela, 1
patented, 1
triumfem, 1
questo, 3
Blessed, 1
DontVacilate, 1
lookin, 3
asked, 1
2nd, 1
Sekunden, 1
vais, 1
Sorry, 3
//t.co/Syqe5FlCzy, 1
fro, 1
., 1084
much, 24
Reggie, 1
TEARING, 1
life, 2
retrospect, 1
Schule, 1
lift, 2
worked, 1
haters, 3
IGGY, 3
hates, 1
Harrison, 4
//t.co/36mZxuJg1g, 1
GotEeeem, 1
//t.co/5YLiHAbQ3P, 4
SMFH, 1
played, 10
LOL, 2
player, 22
//t.co/Y6dR6eAhvm, 1
TRIPLE, 1
Ganha, 3
//t.co/1chZ3VhHvK, 1
MalzBroy, 1
things, 1
Oh, 7
big, 13
//t.co/yAE6X4lEyT, 1
//t.co/gYwXAcd9Hx, 1
Maybe, 2
BayAreaUnite, 3
//t.co/sBR1S2h0J2, 8
DubsOn7, 6
//t.co/2HdzBtXxZE, 1
//t.co/5HJz3E4tz1, 1
TirandoaFallar, 1
maximo, 1
CheloDelgadok, 1
Thank, 4
THAT, 2
Sehr, 2
calculatable, 1
//t.co/qa2AZzL6H7, 1
//t.co/XfFI3JiCVI, 1
lovelyladyc1, 1
Happy, 8
//t.co/Nsx28hHHFB, 1
had, 32
hay, 1
easy, 2
east, 1
hat, 2
felicitaciones, 1
municipal, 1
GShar44, 1
possible, 1
Clutchy, 1
Emilio, 1
Emilia, 1
//t.co/9qkyfO8fpN, 1
obvious, 1
Chapeau, 1
steph, 3
follows, 1
right, 58
old, 7
ole, 1
crowd, 3
people, 9
crown, 2
shitted, 1
lexijavornik, 1
SportsTaxMan, 14
crees, 1
//t.co/qKLAlFD, 7
fou, 1
for, 350
bottom, 1
Dellavadova, 1
//t.co/cTdK7zvpVR, 1
contributing, 1
muito, 1
jugador, 1
//t.co/QiTCgf9onp/s/wD0l, 1
trampoline, 1
Thing, 1
defensive, 2
losing, 1
Think, 2
officiating, 1
First, 4
//t.co/P1ogs1WpSJ, 1
CelticsNation, 1
//t.co/2ROx1uMfcC, 1
o, 2
Strength, 3
canIhavethisdance, 1
soo, 1
son, 4
Aaron, 1
DeMille, 15
entrenador, 1
soon, 1
Ends, 2
//t.co/aSmsT5TUq7, 2
support, 1
lightin, 1
Dubson7, 3
perdoam, 1
Anuaryeme, 3
greatness, 1
monsternumbers, 1
happy, 62
titlebound, 1
CoachCMorales, 1
tigers, 1
survive, 2
StephCurry, 254
957thegame, 2
AlwaysWinsTees, 1
duel, 1
humbled, 1
96.3M, 1
Sir, 2
chiuderanno, 1
proved, 1
Six, 1
SanJoseSharks, 1
KirkGoldsberry, 7
baloncesto, 1
Francisco, 1
Wooow, 3
floor, 19
crowns, 1
Whoa, 1
flood, 1
role, 1
E, 4
GOGO, 1
'd, 5
rolling, 1
'm, 87
domingo, 1
Charles, 4
DeejayFavioXD, 2
Tonite, 3
time, 36
push, 1
'M, 1
puso, 1
Anonibet, 2
2nite, 5
//t.co/RA0FMMFEmi, 1
//t.co/6PK1MxksFB, 1
:3, 1
Aqu, 1
ver, 2
CheffCurry, 1
KOYDUK, 1
vez, 6
Fuckboyyyy, 1
vea, 1
ven, 1
veo, 2
smh.., 1
icing, 1
compliqu, 1
WarriorsWinners, 1
minute, 1
million-fan, 1
tear, 1
leave, 1
settle, 1
team, 136
shooters, 1
JasonKillinHoes, 1
Kevin, 2
prediction, 6
rcastaneda915, 1
Zahlen, 1
tr3y, 1
ChefC, 4
//t.co/HqDz0t4Qkb, 1
//t.co/gxRQOMbpS9, 2
threesomes, 1
jeopardy, 1
celebrated, 1
locker, 1
Cruz, 1
Me, 7
Mc, 1
Mi, 2
FIFAWWC, 1
Hahaha, 2
alone, 1
along, 1
//t.co/lr8Cz7PIPj, 1
My, 28
ME, 27
MF, 1
RahKapone, 1
Warriorsalltheway, 1
MC, 10
KevinOConnorNBA, 1
cette, 2
MJ, 4
MS, 1
olabilir, 1
PulledPorkBurger, 1
MY, 5
Ayesha, 1
REAL, 2
love, 23
SplashBrothers, 19
JennieFinch, 12
fake, 3
abluewinterrose, 1
RILEY, 1
MitchandPritch, 1
working, 2
Rooting, 2
stancesocks, 1
``, 97
suckas, 1
garcia_leilei, 2
afford, 1
wOOOOHHH, 1
BayAreaProud, 1
BOOOM, 1
everywhere, 2
//t.co/Dc7GIjCa1l, 1
rebounding, 3
deserved, 25
Our, 1
nilacoco, 2
Out, 9
IGGGGYYYYYY, 1
.to, 1
awesome, 11
ttulo, 3
BAY, 2
BAD, 1
hides, 1
offense, 3
disfrutando, 1
Onore, 1
Who, 32
//t.co/XoRLLJdlCt, 1
//t.co/uA8cxfFZ8f, 1
Why, 9
Futcha, 11
snaps, 1
PLAYED, 1
spot, 1
such, 2
suck, 1
endormi, 1
letsDoThis, 1
su, 2
si, 2
so, 87
GoCavs, 1
sa, 1
pulled, 1
//t.co/FMOCkOFRda, 1
Vaughngotit, 24
years, 15
MVPFinals, 6
squadra, 1
Hopin, 1
torn, 1
iibitee_, 1
ganaron, 1
instantly, 1
//t.co/9UIVESzG3o, 1
nation, 2
records, 1
sorted, 1
\, 4
GameofThrones, 4
BangBang, 1
hesonfire, 1
NBAChamps2015, 6
Yellow, 2
lastshot, 1
quarter, 4
Lotta, 1
//t.co/RMZErHnMCw, 1
//t.co/drRjHqpyv4, 1
teamworkmakesthedreamwork, 1
arjanny9, 22
COLD, 1
Welcome, 3
JESUS, 1
dethroning, 1
nursingproblems, 1
Job, 6
GolldenState, 1
NBAChamps, 12
quito, 1
Ruts_jikkyou, 1
Vorrei, 1
quite, 2
//t.co/UoZVYMaxwt, 1
Players, 3
Money, 2
NBAStyle, 1
Triple, 1
hereeeeeeeeee, 1
mucho, 1
open, 3
ont, 3
VanHoose, 1
city, 3
Yesssss, 1
2, 36
Mooie, 2
//t.co/76paVTpCCO, 1
//t.co/lwc8fcP6PK, 1
ridiculous, 4
//t.co/TPpiiPbsRK, 1
shangxgnzls, 5
//t.co/1OBKVqGDkp, 1
//t.co/LpQIUrdAF5, 1
//t.co/NXbWiGKQgS, 1
future, 2
//t.co/6fmyFQPehY, 1
wins, 19
futuro, 1
TeamRiley, 1
sai, 1
sad, 1
//t.co/r41lJ6NfEo, 1
say, 12
//t.co/i6h7Q5Stqd, 1
Hilarious, 1
saw, 4
estamos, 1
warriors, 288
note, 1
nota, 1
take, 35
McDonald's.., 1
Half, 2
destroy, 1
teamnaughty, 2
davide_gabriele, 1
Getting, 2
knew, 3
Kerr, 11
Caption, 1
//t.co/KmOUeg4U7X, 1
//t.co/YlqBxsI4Gd, 1
crescentanddawn, 1
Sheesh, 1
defeating, 3
Chef, 26
Chea, 7
thomas_peele, 1
salt, 1
Y'ALL, 1
//t.co/sEKY94uvVJ, 1
51-50, 6
//t.co/TcMUhhxtge, 3
ShaunLivingston, 1
aggressive, 1
//t.co/ISAdkWjPNv, 1
HayQueReirPaSobrevivir, 3
//t.co/UO8hsy4LXk, 1
going, 35
ENTERTAINING, 1
//t.co/LgAaYxzM2h, 2
round..kudos, 1
BAYAREA, 1
mondo, 1
AskTAPSolutions, 1
Having, 57
Ulan, 1
worried, 1
//t.co/wHNM1cKrg7, 2
YES, 2
where, 2
ltimos, 1
//t.co/NGIzhBpfa9, 1
LEGGOOOO.., 1
Biggest, 1
temporada, 1
TAYSTEVENS, 8
That, 42
sideburns, 1
Sindicate, 1
're, 28
//t.co/FusYaECsgL, 10
//t.co/mJdtnwzr4K, 1
screen, 1
20gdawg, 1
jets, 1
nail-biter, 1
SportsNewsStats, 1
many, 5
WWE, 2
s, 4
mang, 1
//t.co/ufaLhRlaab, 1
expression, 1
mano, 2
Tailgating, 2
//t.co/plITav7mSQ, 1
Were, 1
//t.co/NfnDXXx0Ix, 1
ante, 1
//t.co/fuWhm2iQRZ, 2
Dunks, 2
toocute, 1
ESPNtemFinaisNBA, 4
stretch, 1
Crackin, 1
combined, 5
DWSpruill, 1
wants, 6
AIAusa, 7
photos, 1
hashtag, 1
former, 5
youthradio, 3
sit, 1
Ouch, 1
Splash, 17
//t.co/PQvrt8Rb3p, 1
DID, 1
DIG, 2
//t.co/jsIk6YOBOE, 1
bros, 1
Looking, 3
instantclassic, 1
//t.co/CuYD8EmE2v, 1
A-Game, 1
SNEAKER, 3
rooting, 4
chrisish71, 3
NBA2015Champions, 2
I, 341
%, 15
//t.co/avgPgII974, 1
ilovethisgame, 1
Vencieron, 1
SplashZone, 1
nothin, 1
Slam, 2
Botswana, 2
MaryPatrux, 1
being, 11
players.Excuses, 1
babyfaceassassin, 1
rest, 7
StephSplash, 1
setelah, 1
onfire, 2
89-97, 1
EVERYTHING, 1
MichaelJordan, 2
bacharach, 2
devrait, 1
Roller, 1
around, 3
sportsmanship, 1
LebronJames, 5
Drake, 2
Aunt, 1
world, 31
SJEarthquakes, 1
..bay, 1
dare, 1
//t.co/SN, 1
robsaunders1, 1
WarriorsChamps, 9
Hats, 1
clap, 3
replayy, 1
STOP.Blamin, 1
Seriously, 4
bobbyomoto, 2
thinks, 2
LeannaE_CC, 1
//t.co/gFHwSMu7E0, 1
BOYZ843, 1
Oooooooh, 1
memories, 1
gewonnen, 1
YAAAAAAAASSSSSSS, 1
PartyLikeIts1975, 1
CynthiaLFrybarg, 5
Effort, 1
refer, 1
power, 5
meritavano, 1
DorianeMakau, 1
favorito, 2
favorite, 3
side, 4
Draymond, 10
//t.co/37gOsABZ65, 1
mean, 4
Eres, 1
LAKESHOW, 1
fundraising, 1
burning, 2
No, 12
Away, 2
WarriorDash, 1
//t.co/rk1J96q4mP, 1
Paint, 1
het, 1
Barbosa, 4
her, 6
hes, 1
NA, 1
doux, 1
//t.co/jqo5vpiokt, 1
//t.co/EjS1K7nYte, 1
bubble, 1
lang, 2
complete, 2
6:47, 1
//t.co/Lejj4TWeOA, 2
Small, 2
//t.co/KaQRaeNsio, 1
with, 75
pull, 4
House, 1
Ayeeeeeeeeeee, 1
dirty, 5
Close, 2
age, 2
gone, 7
FOREVER, 1
ai, 7
ah, 1
Cinderella, 1
am, 3
al, 14
Thursday, 1
an, 35
How, 15
as, 35
au, 4
at, 122
//t.co/oO5GMcfK9L, 1
//t.co/6VjJZoNsNx, 1
Hoy, 6
Real, 1
SLAMonline, 7
SportsCenter, 1
2003, 1
whiners, 1
tight, 1
//t.co/XPRkxDtgdL, 1
talkaboutit, 1
curry-colored, 1
Lady, 1
Phil, 2
gifts, 1
//t.co/uMfRl5cWt4, 1
BRING, 1
original, 1
Canada, 1
consider, 1
_BookOfGenesis, 1
//t.co/j9TbRCkHlK, 1
tu, 5
Evil, 1
WAR, 1
riots, 2
Thankyou, 1
ti, 1
smile, 1
te, 10
well-deserving, 1
ta, 7
WarriorsAreChampions, 1
24th, 9
//t.co/ct16Fpy8Qj, 1
HOUSE, 1
BeatTheCavs, 1
//t.co/UWgrqiz74t, 1
small, 3
pasa, 1
HeatTwitter, 1
UltimateWarrior, 1
Idiots, 1
WarriorsDoingItMannn, 3
clock, 3
Goosebumps, 1
//t.co/8Y7G4G2oHw, 1
Lazarit75, 33
full, 1
9:10p, 1
hours, 3
b2b, 1
Weeeeeeeeeeee, 1
Warriorgrounds, 2
solid, 3
kendime, 1
perso, 1
pick, 1
action, 2
via, 12
crossovergameissick, 1
..Curry, 8
//t.co/Zdb9Cy4XoP, 1
buenas, 2
gosh, 1
farvi, 1
RileyTweets, 2
metallica, 1
God-, 1
GoDubs, 4
//t.co/E5LmNeXlt2, 1
more, 90
dandibley, 1
1:15, 1
learn, 1
male, 1
Your, 6
Decade, 2
beautiful, 6
CURRRYYYYYYYYYYYYYY, 2
TooLegitToQuit, 1
//t.co/PQvrt8R, 3
//t.co/Jur70RePmH, 1
AMAZING, 1
salty, 3
sense, 1
//t.co/jCHEOhjDIz, 1
weup, 1
//t.co/PLto495S2M, 1
//t.co/e6y0xlZAtc, 1
//t.co/Rtupfrt4ai, 1
Swish, 7
//t.co/do7Hdxwcnc, 1
thetuglife, 1
LakersAllDayTho, 1
locking, 1
olursa, 1
broadway, 3
smiling, 1
its, 6
MuslimMatters, 38
mritent, 1
sauce, 1
iMakeHimSwallow, 1
Michael, 3
HookEm, 1
everytime, 1
always, 5
Ttulo, 1
Thanks, 7
LoveThisLife, 2
found, 3
WarriorsComeOutAndPlay, 4
status, 1
help-, 1
YAAAASSS, 1
really, 15
charly_atm1903, 2
missed, 2
duartericka, 1
dellavadova, 1
salute, 2
K.., 1
risen, 1
TinnillRackley, 1
IT, 9
Parabns, 1
imagine, 1
POST, 5
Sixers, 5
definition, 1
warriorsforthewin, 1
//t.co/qjreh8aQNB, 1
w, 3
ft., 1
bonito, 1
//t.co/gporHq3ybc, 1
//t.co/9Ajujze5dh, 1
number, 1
NBARefs, 1
//t.co/RA8CDax3On, 1
Juega, 1
guess, 4
Started, 1
felicidades, 1
contra, 1
//t.co/hsKWt7YrIs, 2
Hopes, 1
contro, 2
3P, 1
relationship, 1
//t.co/Z5W9mVp1CM, 1
Slayer, 1
LlamaLuisa, 1
3rdQ, 1
dr_riv, 1
BleacherReport, 1
official, 1
guarding, 1
six-shooters, 1
Dubnation, 6
Checkout, 3
Food, 1
self, 1
also, 3
townbiz, 1
brace, 1
play, 34
radiojoee, 1
//t.co/K9jE4KkUqQ, 1
sometimes, 1
cover, 8
giving, 4
//t.co/pxz0PZCWDQ, 1
ugh, 1
//t.co/Ys3s9D2Pvo, 25
97-105, 1
Had, 2
FELICIDADES, 1
sezonu, 1
Haz, 11
session, 1
//t.co/zN2DzZ6lcR, 1
Hat, 1
impact, 1
CashCannon, 1
wraps, 1
ashleypatt0n, 1
//t.co/mmHfIfG1MC, 1
JalenRose, 1
failed, 1
CHAMPIONSHIPS, 1
MLNow, 8
GoDubbs, 1
//t.co/2oJetxhW3Y, 2
giants, 1
Odds, 2
nervser, 2
Lakers, 3
Minutes, 1
Dimes, 1
enemy, 1
//t.co/CPUxniJ5xi, 1
//t.co/18CNS6qzC0, 1
Hell, 5
river, 1
CAVS, 8
RealSkipBayless, 2
set, 3
ser, 4
For, 10
I.G.G.Y, 1
see, 74
project, 1
#, 13058
movie, 1
//t.co/6LVWUFAdSk, 1
WarriorsputtheTinTeam, 1
//t.co/YAcBabloau, 1
knowing, 1
sangita_patel, 1
YoRoyRobin, 1
Against, 1
//t.co/2bc4JMOW8z, 1
Christine_302, 2
last, 25
BLOODED, 1
Chip, 2
barely, 1
whole, 4
loaf, 1
Macadoo, 1
//t.co/tcRNG8K6ob, 1
leon, 1
coincidence, 1
Greatness, 1
WHO, 1
2h, 1
VTime, 1
MaxMeOut, 1
MissedFreeShots, 1
MOMENTUM, 1
resting, 1
champion, 13
//t.co/zU1EAYLeL1, 1
fire, 17
//t.co/ud4iEa, 1
colinresch, 2
TheRockChurches, 1
awake, 1
Jlechevestrier, 1
danielgraf, 1
presser, 2
GOAT, 3
CavsWarriors, 95
Hi, 2
hoping, 1
Quel, 1
campions, 1
2015NBAChampions, 16
WSU, 1
triple, 7
beautifully, 1
voy, 3
funny, 3
barnes, 2
ama, 1
GoGreenGoWhite, 1
survey, 1
//t.co/imBL6CLGU4, 1
//t.co/ULCV4Tn993, 1
alert, 1
Soo, 1
Son, 1
person, 1
Sos, 1
38Teamluke, 1
O/, 4
//t.co/ybBrAlvPqL, 1
Yaaaas, 1
salve, 1
steveCurry, 1
arrests, 1
wowownba, 15
TROPHY, 1
mchammer, 1
crying, 1
surprised, 2
On, 7
Ok, 4
kidash98, 1
//t.co/sz2EyuRmca, 1
couple, 3
baskets, 1
cuteness, 1
Ou, 1
Or, 2
ON, 6
OK, 1
d, 2
OF, 3
ROSGO21, 1
continue, 1
KerrIsKey, 1
continuo, 1
OT, 2
OR, 1
//t.co/LxktzHnK6B, 1
Pic, 1
bounce, 1
Damn, 9
curious, 1
//t.co/6xl9uWTuww, 1
//t.co/YH8vO4JEIL, 1
Mospeights16, 1
templo, 3
Shoe, 1
be, 180
//t.co/e6Wg4CvXAD, 1
bc, 1
confidence, 1
Calledit, 1
SlowMotion, 1
by, 42
SkySport, 1
Y'all, 5
veces, 1
anything, 1
Clinch, 1
deserves, 3
WarriorsCavs, 7
CowBunny, 1
hometown, 1
into, 7
onemoreWin, 2
//t.co/z1imoK7E2V, 4
NEW, 5
next, 12
lebron, 7
//t.co/HLLWg2AC9y, 1
nocavs, 1
dueled, 1
spending, 1
specifically, 1
suis, 2
WOOHOO, 1
prensa, 1
suit, 2
:, 2710
rickdhawkins, 1
SimplyCarol8, 1
inched, 3
PetitBounty, 1
WARRIORSS, 1
NEED, 1
coldest, 2
line, 3
meilleur, 4
posted, 39
Bueno, 1
Jeff, 1
//t.co/sqwNHwQTGB, 1
Awesome, 6
concussed, 1
up, 65
us, 58
ur, 3
un, 15
ug, 1
IWetUpCovers, 1
gkketch, 1
//t.co/cvt5XUqtYX, 1
amy_olson97, 1
//t.co/HrXD4e7Y7F, 3
//t.co/CItNaAr8pc, 1
realest, 1
definitely, 4
actors, 1
reaso, 3
titles, 1
sided, 2
ALLinGS, 1
//t.co/K90HJ3LYoX, 1
ago, 43
land, 1
napping, 1
Webber, 1
FACT, 1
having, 5
JessicaGoehner, 3
splashing, 2
//t.co/fkGXHpG4fs, 1
CongratsWarriors, 1
//t.co/jcBvipqunX, 1
WeCantDateIf, 1
oaklandlocal, 1
young, 3
send, 2
TomJamison, 2
atenta, 1
//t.co/oeSJxitoWD, 2
enfn, 1
105-97, 4
continues, 1
mixing, 1
Regardless, 1
DREAM, 1
OVP, 1
magic, 2
experiencing, 1
gettin, 6
try, 1
ONLY, 1
NATION.., 1
trs, 1
rodboone, 8
video, 1
haiku, 1
//t.co/DrJAKGVOnv, 1
WarriorsvsCAVS, 1
koome23, 1
Hugee, 1
SFGiantsFans, 1
dicen, 1
Alas, 1
crickets, 1
//t.co/UMaea9gkdv, 1
nights, 1
tybg, 1
leg, 2
punch, 1
les, 23
let, 23
aquecendo, 3
great, 30
credits, 1
involved, 1
Energy, 1
CLEvGS, 1
//t.co/ilE4r5Z97F, 1
CoryCove, 1
DubNation, 530
makes, 6
maker, 1
thats, 2
Leading, 2
//t.co/ySDHTK4Qw4, 1
GROSO, 1
standing, 4
NBAFinalsChampion, 1
illegal, 1
//t.co/DLXRKF985N, 1
doubt, 2
NBAFinales, 1
speler, 1
fools, 1
//t.co/LjpyNafiBI, 1
Gump, 1
PickAndRoll, 1
baby, 37
gladly, 1
daaaaaaymn, 1
balls, 2
cambiare, 1
this, 214
//t.co/KjV9bae7oC, 1
pour, 5
donnabelle04, 1
YoungKowTipper, 1
//t.co/RCcAgIoWiY, 1
//t.co/j1qp3Pafos, 1
CurryCrush, 1
FarmersRacing, 3
MesinaSally, 1
joshuabraff, 1
Trifecta, 1
EricKeilbach, 1
tied, 3
abctv, 1
Q, 2
ties, 1
realized, 1
posterized, 1
One, 52
Laugh, 4
//t.co/gJOClSI72Z, 1
directo, 5
Jeopardy, 1
move, 3
comme, 1
flopped, 1
Match, 1
DubNaiton, 1
mejores, 1
menuju, 2
2015, 25
2014, 1
2011, 1
VirginAmerica, 7
nada, 1
//t.co/Jv, 1
Congratz, 1
1:57, 1
realize, 2
NBATop5, 1
importante, 1
San, 2
Sad, 1
PrediccinCumplida, 3
Sav, 5
Truthfully, 1
doing, 4
Alto-Chile, 1
books, 1
splashin, 1
falta, 1
highhcheyanne_, 1
', 22
Very, 2
hilarious, 1
GSWChamps, 1
ClevelandTwitter, 1
//t.co/a9yuVwafNn, 1
shut, 2
tempo, 2
temps, 1
Ryan, 1
wheresriley, 1
Meet, 1
could, 12
Jump, 1
HeatNation, 2
ears, 1
LetGo, 2
DdMVP, 1
blows, 1
Prod, 13
DRAY-MOND/, 3
start, 16
behaves, 1
Adult, 1
Suited, 2
//t.co/9bWCNFrxWj, 1
Trophy, 5
stomach, 1
HERE, 1
DJCaesah, 3
..lets, 1
//t.co/57udpa34QZ, 1
OMR, 1
ITS, 1
false, 1
\m/, 1
BREAKUP, 1
cobertura, 1
tonight, 218
conferencia, 1
SouthCarolina, 1
clearly, 3
primera, 2
YoSiLeVoyA_GSW, 1
//t.co/DFraCIPehh, 2
worldwide, 1
Row1, 7
manos, 1
//t.co/cXiT5Jbc2E, 1
courtesy, 1
**, 1
06, 1
segment, 1
THINK, 1
//t.co/UhfASNz1XJ, 1
Modo, 1
//t.co/iSLxsPbsww, 6
vantaggio, 1
bred, 1
Bruh.., 1
face, 6
LILBTHEBASEDGOD, 3
fact, 2
//t.co/YxZt7vpPJK, 1
bring, 15
Under, 1
dellyisdirty, 1
McElSalvador, 1
pause, 1
terminar, 1
should, 18
Serie, 1
WarriorGround, 1
riding, 1
//t.co/W2dyXFDgZo, 7
Strong, 1
hope, 9
AlvaroNBAMartin, 1
means, 56
lucky, 2
Keep, 6
NavetAlex98, 1
//t.co/N84pcVJyxA, 1
2016., 2
bestplayerintheworld, 1
Ganador, 12
Once, 3
CRAZY, 1
Because, 1
innamorare, 1
h, 6
taxes, 1
MartianLuther, 1
//t.co/9aLdqfj0Gp, 1
iPad, 2
withstand, 1
qtr, 1
1blk, 1
PS, 1
1981-82, 1
yass, 1
PA, 1
PG, 1
avila_caro1, 1
perfect, 2
DubbNation, 1
anche, 1
finales, 1
//t.co/mj09skUmZc, 1
figured, 1
888-957-9570, 2
Ayeee, 1
//t.co/0835vaOSG6, 1
CurrentEvents, 1
puff, 1
dublove, 1
adjusted, 1
co, 1
Christ, 1
Would, 1
Barbie, 6
cc, 1
abc7newsBayArea, 2
Hey, 11
ce, 1
oakland, 2
//t.co/sa5bZ746t6, 1
Get, 9
Internet_Hustla, 3
lt, 41
SPLASH, 7
DAMN, 2
fitcanadianbabe, 1
//t.co/ri5O5pG85Y, 1
thedaddydiaries, 1
Gooood, 1
Gooooo, 1
SitDownLebron, 1
hahaha, 3
Battle, 1
mishori_thukuh, 1
TooHotForYou, 7
stevekerr, 2
FOX8tv, 1
ProudFather, 1
Pipen, 3
BattleBots, 1
tattoo, 1
leeggooooooo, 1
//t.co/kf9rY2CJHz, 3
//t.co/KRIBCQ3KEM, 1
Multitasking, 1
Loans, 1
baln, 1
ball, 14
//t.co/Ehn8xddeys, 1
drink, 2
Clebron, 1
off, 31
0n, 1
OaklandFireLive, 8
IggyAzalea, 1
Need, 2
//t.co/CnmMTgNPyH, 2
//t.co/fqD9jcFQQz, 1
//t.co/kR7Ec361rv, 1
less, 1
moments, 1
momento, 1
//t.co/hw0FOMY1fm, 1
Cavs, 320
Wearing, 1
RadioMelissa, 1
Unbelievable, 2
ChefCookEmCurry, 1
dance, 1
Unfortunately, 2
//t.co/jxiVOpkLFV, 1
admit, 1
five, 3
moment., 3
dubsallday, 1
pies, 1
.Roll, 1
Ohh, 4
MyTimeIsComing, 1
//t.co/kNPfs4NXtL, 1
become, 1
//t.co/vHyeMQQIay, 1
KingJames, 59
WomensWorldCup, 1
DOWN, 2
choosing, 1
//t.co/iqALD724us, 1
Moneyball, 1
Quin, 2
Warrior, 6
8PM, 3
literally, 1
does, 12
ReturnToSender, 1
blowing, 7
Gary, 1
STYLEMOM, 1
counties, 56
CURRYisKING, 2
lifestyle, 1
Thewdizzle, 1
Weley_Banjar, 1
hier, 1
stankface, 1
NorCalrepresent, 1
Somewhere, 1
commitment, 1
screamed, 1
s'annonce, 1
Lovin, 1
Reggio, 1
Listening, 1
PrincessLexieXO, 6
NBAintheUK, 2
//t.co/sOlBkCshm5, 1
//t.co/jvy7ZsrUGT, 3
actuacion, 1
Well, 19
grats, 1
PorschaColeman, 3
count, 1
compute, 1
hardworkpaysoff, 1
whatevs, 1
//t.co/ZLSZwlieYJ, 1
OMEGaBLaZe86, 1
buuut, 1
BayAreaTeams, 1
89-100, 1
deadly, 1
Yesterday, 2
NBAonABC, 2
seus, 1
DAY, 5
CONGRATULATIONS, 1
//t.co/S3xOxAhr2a, 1
chance, 4
U, 5
badass, 2
Curryworld, 1
Unica, 1
lowertuition, 1
gooooooo, 1
compete, 1
Philly, 1
campioni, 4
GoldenStateCleveland, 1
NYC, 1
9,000, 1
Watch, 8
bayareaunite, 1
jamesmcadoo, 1
Shirley, 1
ergo, 1
HILL, 1
manic, 1
tickets, 4
//t.co/SDZzGj4WxS, 1
Into, 1
DUBNATION, 1
hora, 1
speechless.., 2
StephHappens, 1
chez, 2
Gasol, 2
chef, 4
CurryMVP, 1
MoniqueDee_, 1
//t.co/vURPLfhv3r, 1
Available, 1
Ight, 1
BARNES, 1
+, 1
Game, 128
//t.co/8kaU4p0WXz, 1
above, 3
blobofclay, 1
WeAreChampionship, 4
told, 50
celebration, 2
Kristi_Capel, 1
Tuesday, 7
crowesbeats, 1
onehitwonder, 1
H/T, 7
TooEasy, 1
Vendo, 3
stressed, 1
//t.co/Iq38BgtU8G, 1
Home, 1
aka, 3
LOB, 1
dellymania, 2
secure, 3
FUCK, 2
bro, 2
cutaways, 2
total, 1
bra, 1
Stay, 1
//t.co/Az9QUi17Sf, 1
seriously, 1
yEEEE, 1
Delly, 7
award, 2
Teams, 2
championships, 4
CoitTower, 1
Della, 1
1990, 1
word, 1
Headed, 1
work, 12
Yewwww, 53
empieze, 1
afonseca249131, 1
gegen, 1
goooo, 1
//t.co/ZRyicphUJW, 1
WarriorsVsCavs, 5
//t.co/wFkmIYZrBG, 1
yaaaas, 1
nuts, 1
LeftysSports, 1
48-4, 8
rookie, 1
moron, 1
fever, 1
kampioen, 1
after, 23
Will, 6
lay, 1
//t.co/5m1KuaWtNv, 3
las, 15
Agen.., 1
hodgetwins, 1
LAIreland, 1
green, 1
fan, 13
order, 2
office, 1
//t.co/FUeR1sUucr, 1
6.., 1
satisfied, 18
rveil, 1
ticket, 2
Finish, 2
rebounds, 1
//t.co/SXqQEyhxnd, 8
Kyrie, 1
_MadeInKinyya, 1
rocktrackfan, 2
then, 10
them, 18
elegido, 1
thee, 1
safe, 1
Analysis, 1
break, 1
Merci, 1
bang, 2
they, 48
Nursing, 1
CavsNation, 54
TooSoon, 1
//t.co/gBiYBT2KyP, 1
l, 2
Gagnant, 1
80-85, 1
kneels, 2
WARRIORSSSSSS, 1
//t.co/Q6uvPULVdI, 1
//t.co/QDKj2yxnyw, 1
//t.co/kRjSD8JGIf, 1
hooked, 1
Downtown, 1
forte, 2
ploegsport, 1
EnjoyErieBrews, 1
Four4TwoMedia, 1
DStv_Kenya, 16
mvp, 12
ejwarfel, 2
Parade, 9
September, 1
National, 3
lousy, 1
+1, 1
+6, 2
+5, 1
WWERollins, 1
lequipedusoir, 1
champs, 13
//t.co/rMud7S2vFW, 2
Going, 1
another, 10
//t.co/sKYopR6lj7, 1
SplashBros, 3
ballin, 1
naughtydred, 1
Hustle, 1
WEEEEEEE, 1
approximately, 1
BELIEVE, 1
B, 4
//t.co/0vecEwpOOU, 1
StephCurryWithTheShotBoi, 2
//t.co/bOnPYL2nyd, 1
bebe, 1
Set, 1
x_WhosThatGirl, 2
DaddiFraggle, 20
keeppuffing, 1
See, 4
Usher, 2
allhehadtodowasanswerafewquestions, 1
powers, 1
Q3, 6
smallball, 1
sharks2221, 1
Instead, 1
Junts, 1
strength, 3
//t.co/Ul9BHwvrVn, 1
latter, 1
//t.co/7gSttzK2qd, 1
//t.co/QqLdmNUZLQ, 1
evolucin, 1
knowss, 1
circles, 1
Went, 1
//t.co/1qVvoYMs8s, 1
hanno, 1
40year, 1
//t.co/Vt5znFLhY0, 3
MadamGoGetta, 2
Campeon, 1
CKT, 3
//t.co/yl6TwNcneR, 1
Cual, 1
toast, 7
//t.co/MLb0mB6kbO, 1
Fave, 1
//t.co/Pj3K7cwcJf, 1
do, 56
dj, 1
di, 5
df, 1
de, 121
da, 26
OMG, 2
nasty, 1
du, 2
NBA2K15, 1
covering, 3
DraymondGreen, 2
413, 2
bother, 1
Jackson, 11
LECHOKE, 1
//t.co/tLJQUOTgkh, 1
presiento, 1
7triples, 1
eres, 1
campees, 1
Gameday, 1
away, 14
//t.co/XmKVlZ8Ejf, 3
BUT, 3
TILL, 1
bien, 3
//t.co/pCq9CFdoKZ, 4
props, 3
ganaron4-2, 1
we, 53
FINISH, 1
4qtrs, 1
//t.co/TnCF3mkwfh, 1
//t.co/jcd3jIvBhh, 8
AbnerFundi, 3
CHAAAAAAA, 1
cow, 1
ahora, 3
futebol.., 1
Bring, 5
//t.co/hMDvM8iXGo, 1
com, 1
col, 1
con, 11
//t.co/jFOSeftBnt, 2
demain, 1
Alright, 3
Shout, 4
petty, 1
che, 1
//t.co/gKrONcffcu, 1
//t.co/95T9fB9iiI, 1
WOWrriors, 1
RT_America, 1
excite, 2
popopo, 3
SAID, 1
hoist, 1
Night, 3
clairvoyant, 13
DJKnickKnack, 2
applied, 1
has, 30
publicly, 1
//t.co/TKuA9lbunS, 1
//t.co/efdiIa7F56, 1
air, 1
emozioni, 1
Cleveland, 103
//t.co/oxWj62wQzC, 1
GSWarriors_, 1
Buensimo, 1
//t.co/U54y6INtkZ, 1
fllt, 2
//t.co/Ik1vsWG5Tz, 1
//t.co/3Wn5oScdy4, 1
nbaparade, 1
lrys, 1
//t.co/qZ5cWBfjq9, 1
jerry, 2
WhatNow, 1
hang, 3
rain, 1
hand, 3
Y, 3
1975, 2
humble, 2
FOCUS, 1
LetsGoWarriors, 28
tho, 7
GSWarriors/, 1
the, 1422
camps, 1
tha, 1
juegos, 2
//t.co/pV2YfomAb9, 3
photo, 1
//t.co/vFYmG3GvG1, 1
//t.co/G7IiODMwxS, 23
Crushed..Once, 1
repost, 2
urnike1, 1
//t.co/z4DZwULTVh, 2
Gay, 1
sal_castaneda, 66
KEEP, 1
Gan, 1
allthatjazz, 1
spread, 3
fares, 7
Wins, 1
Try, 5
//t.co/lSWVjY4f92, 1
SheilaEdrummer, 3
WarriorsFan, 1
on.., 1
night, 27
idgaf, 2
//t.co/Y2AHJvSFe5, 1
born, 1
Despus, 1
0-100, 1
congratulate, 2
phenomenal, 2
BeatCleveland, 1
Lem, 1
/, 20
asking, 2
Let, 105
beating, 4
Clutch, 1
kickball, 1
Gran, 1
post, 10
//t.co/Vu9KroykUr, 1
trophy, 7
//t.co/, 2
//t.co/fRDQXlZ7Z3, 1
seleccin, 1
months, 1
..no, 1
anime, 1
Make, 2
GAME, 18
albertneve, 1
espnlasvegas, 1
Explicacin, 10
wan, 1
wag, 1
fight, 2
USWNT, 1
way, 23
nbamvp, 1
was, 74
lowest, 1
Stephhhhhhh, 1
Shootout, 1
HammerDontHurtEm, 1
Yasss, 1
//t.co/DkymQPhQ9x, 1
behumble, 1
Been, 3
true, 7
curryTheMan, 1
stephenasmith, 1
undefeated, 1
ass-clown, 1
TWO, 1
GoldenStateWarriors, 132
//t.co/AOcTbbCgtm, 1
prayer, 1
VS., 3
physical, 1
muiteck, 1
+15.., 1
topped, 1
test, 1
scored, 1
brothers, 5
//t.co/fMjq6GK1I5, 1
scorer, 1
scores, 1
Yassss, 1
NBACHAMPIONS, 1
//t.co/ZOHiJY8AxT, 17
UPTIME, 2
Blackhawks, 2
NBADraft, 20
Prediction, 1
together, 1
Oddsmakers, 1
lineup, 2
stick, 1
Safe, 1
switched, 1
DannyAllenWalsh, 3
Nadie, 1
1st/, 1
certainly, 1
donner, 1
outplayed, 1
Se, 2
NBAFinals2015, 3629
WarriorsChampions, 18
Doble, 1
//t.co/7JWozAd9od, 1
cumple, 6
trouble, 3
FEELING, 1
Jersey, 1
gua, 1
Just, 28
turns, 2
gun, 1
WILL, 4
AHoffmanMRH, 1
WarriorsWatchParty, 2
guy, 8
mipritchard, 1
regret, 1
bravo, 1
//t.co/BYBEON7YOk, 1
cost, 3
Orange, 2
Rica, 1
Ride, 1
curse, 2
KFBK, 1
//t.co/cJp4hKnScZ, 2
switch, 1
Imagine, 2
During, 1
WarriorsAllTheWayBaby, 1
-107, 1
//t.co/BCNugxZ5h6, 7
2:35, 1
roaring, 1
//t.co/Ui3LkUkcrS, 1
appears, 1
change, 2
sending, 1
Deah, 39
7eleven, 1
59.8, 1
lakers, 1
exiting, 1
Niners, 1
usually, 2
BeatCavs, 1
extra, 1
46:03, 1
WINNERS, 3
goldenstate_warriors, 1
market, 1
Walton, 12
BST, 1
bigs, 1
mitad, 1
live, 9
https, 185
//t.co/COFHxPQOZo, 1
TheFinals, 4
club, 3
//t.co/pog2gPzbcI, 1
cluch, 1
BS1, 15
graphic, 1
niggas, 2
cao, 5
can, 45
Ohhhh, 1
niggah, 1
TyChandler_News, 2
topic, 1
heard, 4
terminarn, 1
NerdistDotCom, 1
//t.co/Z3XgyvkPfz, 4
NBABasketball, 1
Always, 1
GSchamps, 1
Burcham2024, 1
aos, 5
flourish, 1
lifting, 1
View, 2
remember, 35
NocheePalQuePuede, 1
whenever, 1
Shid, 1
//t.co/VNy39iI5cP, 1
juara, 1
HANDS, 1
Shit, 1
typical, 1
//t.co/HGwsXTr5d3, 1
wegoththis, 1
brain, 1
LarryBeilABC7, 8
YusraAj10, 3
//t.co/9iLO8CCeoS, 1
cold, 2
still, 19
RT, 1179
//t.co/wMvFQQOSNa, 1
Thecity, 1
AndOne, 1
feats, 1
non, 2
Mayweather, 2
half, 13
not, 62
now, 73
GUYS, 1
nos, 1
wont, 1
james, 1
F-U, 1
kerr, 1
Warriorsssssss, 3
desde, 1
em, 4
el, 36
en, 37
eh, 1
Gewinn, 1
Cont., 1
Pero, 1
yeah, 10
wrap, 1
dall'anello, 1
xLions_, 1
year, 67
et, 6
happen, 2
NBAChampion, 1
FINAL, 1
es, 19
accomplish, 1
hhhh, 1
Champions2015, 2
Goodluck, 2
looking, 7
//t.co/xlyPp9hgHP, 1
GregAbat, 1
shows, 1
//t.co/bAYVlObUyJ, 1
cars, 1
Stand, 2
cara, 2
gofundme, 1
care, 4
transition, 3
unsung, 1
honest, 1
Gametime, 1
510, 1
promotion, 2
//t.co/Hzf1VkmEeo, 2
Even, 2
m'a, 1
flying, 1
KobeLike, 1
guessing, 1
CurryFinalsMVP, 2
yourself, 2
Pura, 1
simconnie, 1
Glckwunsch, 1
MrChrisTJones, 1
Rookie, 1
message, 1
tomorrow, 14
size, 3
Grce, 1
juegazo, 1
justicia, 1
that, 119
//t.co/rRq4YwmLmH, 1
Everyone, 1
ftbol, 1
bajo, 1
ClassicMoment, 1
Kerrrrrrrrrrrrrrrrrrrrrrr, 1
than, 16
//t.co/OnF, 1
WarriorsParade, 106
geht, 1
Mais, 1
Cali, 4
slam, 1
Call, 2
//t.co/I5NvvV1mGA, 2
Sprite, 1
dubnation, 7
Aggie, 1
1ra, 1
begin, 1
WarriorsCameOutToPlayYay, 2
Off, 2
BrockKeeling, 1
Macstephcurry, 1
], 2
//t.co/AgXVN2FjAB, 2
StrengthenInNumbers, 2
annalisavolpe, 1
Fuck, 6
3-point, 2
Incredible, 4
A.I, 1
discovered, 1
TooFunny, 1
Roll, 1
//t.co/Ri8oLHcnaS, 1
ground, 1
aint, 2
weplayfair, 1
title, 21
10kmWalk, 1
only, 26
davidblatt, 1
congratulations, 4
truly, 3
//t.co/8jJHotdO5x, 1
WatkinThruItAll, 5
m'hauria, 1
celebrate, 8
//t.co/Zm7RfUFAQl, 1
Champs, 18
//t.co/CAqmw1gYzS, 1
Fucking, 1
leur, 15
//t.co/5GVDlLhIt9, 2
37points, 1
husband, 5
RGV, 1
Welldone, 1
kemenangan, 2
'Cleveland, 1
sport, 3
growthhac, 5
GoDubNation, 7
estan, 1
4th, 7
3, 37
estas, 1
//t.co/av0YuxmUKA, 18
104-89, 1
Johnson, 1
deliver, 1
Team, 8
article, 2
Electrifying, 1
Insane, 1
//t.co/26qSkbv1sG, 36
talented, 2
Give, 2
WINS, 1
nila, 2
//t.co/Fvyo4DvERu, 1
comes, 1
Death, 1
WorldCup, 1
50-51, 1
cuando, 1
//t.co/sAE1TCdocz, 1
IGUODALLLLLAAA, 1
cares, 1
cared, 1
cumpliendo, 1
LETSGOHEAT, 1
//t.co/SiiHdbFS6z, 1
OneMoreWin, 4
Let'sGoWarriors, 1
ESPN_FirstTake, 3
wholesquad, 1
'', 102
4-2, 6
4-3, 1
these, 19
CurryVsJames, 1
//t.co/45PPyaCN9K, 1
JackieEbule, 1
buen, 2
//t.co/GKd67mrV7E, 1
chiffre, 3
Better, 2
worry, 2
Gooooooooo, 1
media, 2
//t.co/Lnmu4hA1J6, 1
Smoke_MyTweetz, 1
ya, 5
Vinyl, 2
despus, 3
OneNationOneTeam, 1
finish, 10
//t.co/aVgArmxTLq, 1
snapmeboys, 1
//t.co/KcmLuY8svw, 1
FollowPrentice, 1
Immerhin, 1
Grfica.., 10
ci, 1
//t.co/M95prux6QM, 1
currrrrrrryyyyyyyyy, 1
touch, 2
Hustling, 1
//t.co/8Fz0uHPj3p, 1
death, 1
FloydMayweather, 1
r/warriors, 1
gooooo, 1
treatment, 1
halftime, 3
ca, 34
momentum, 1
real, 15
spectacular, 1
read, 1
Phillip, 1
//t.co/Nrk3dzl696, 1
//t.co/Z9YOopHKdT, 1
miercoles, 1
early, 2
Grande, 4
amp, 108
execution, 1
FreePicks, 2
//t.co/8IcKuP8Swu, 1
Shot, 4
Show, 1
10asts, 1
benefit, 1
ChefCurry, 25
t, 1
htt, 3
Mark, 7
STAND, 1
's, 326
Ayeeeeeeeeee, 1
NBATV, 4
GoSpursGo, 1
asar, 1
business, 1
habr, 1
jt4congress2014, 1
Agan, 1
//t.co/VqWFrqBueG, 1
uneasy, 1
Signature, 2
iamdvidmichelle, 1
exciting, 5
BALLIN, 1
throw, 5
assassin, 1
mugging, 1
Forgot, 2
Yup.., 1
Blachkawks, 1
Congrats, 194
Dubs, 52
F*CK, 25
NabilAlnoor, 1
your, 25
area, 2
lol, 7
los, 24
Birthday, 1
lot, 3
diference, 1
giocatore, 2
andreiguodala_9, 1
J, 2
'S, 7
trying, 7
MINUTES, 1
niente, 1
//t.co/quuypMd72h, 1
Century, 2
Moved, 1
equipo, 4
sportsphotos, 1
bucked, 1
Retweet, 3
fefifredo, 9
Ese, 1
Ambie328, 1
midweek, 1
Eso, 1
SEEN, 3
hazelebaby, 11
Unstoppable, 1
gambling, 1
you, 109
//t.co/Ozv1VGswiV, 1
Great, 39
FIRE, 1
THERE, 1
Woot, 1
podium, 1
coverage, 3
ResteDansLeFoot, 1
threeeeeee, 1
everaldomarques, 1
HISTORY, 1
building, 2
3-2, 58
faworytami, 1
-D, 2
ESPN, 9
getting=SHAYYYYYYYYKY, 1
Take, 7
Moses, 1
FORCE, 1
40-year, 1
ClaroSports, 1
Undertaker, 1
very, 8
podra, 1
Aveknu, 1
MarkJackson, 2
simonedatruth, 1
RealTristan13, 1
haitianfreshBSM, 1
--, 11
2Swoleeee17, 1
football4sages, 2
-9, 1
ass, 5
GREAT, 2
skin, 2
TST, 2
witnessed, 1
Socceroos, 1
SanAntonio, 1
ALLIN, 2
Mvp, 3
//t.co/lOFqcMM3VE, 1
SmallBall, 1
TarHeelFamily, 1
loose, 1
iwin, 1
Bayarea, 1
tracks, 2
strong, 2
billherenda, 1
sanfrancisco, 2
Cant, 1
arent, 1
Weekendwarrior, 1
REY, 1
family, 20
put, 7
//t.co/kfIAzib3UV, 1
NBAFinals2015.., 1
AndreIguodala, 21
injure, 1
GracielaBalder1, 3
balletto, 2
Butter, 1
St, 3
instrumental, 1
So, 30
CURRY, 16
2pac, 1
grill, 1
sweeps, 1
SJ, 1
vs, 43
SO, 8
SN, 2
SF, 17
SE, 1
history, 3
//t.co/Hm2Uq7mdcV, 1
Cheerleaders, 3
CAN, 3
//t.co/5EqDN44bI2, 1
anota, 2
//t.co/YTOTsRtObd, 1
47-4, 7
Dreams, 1
NewsdaySports, 7
fr, 3
ASFFFFFF, 1
..finish, 1
//t.co/D1uUMkBWLN, 2
KTVU, 1
CorporateTakeover, 2
sneak, 1
fa, 2
fb, 1
Respect, 4
fk, 4
a, 440
Mexico, 1
Sweet, 1
Dudes, 1
//t.co/eMc2kDlUg5, 1
daggers, 1
dream, 4
help, 9
//t.co/Iw0ESpB2Yr, 1
//t.co/wUFLG8K0nQ, 1
CRUSH, 1
hell, 5
DeGeneres, 1
Dubbieforever, 1
Cardinals, 1
actually, 9
Pilot, 1
fool, 1
Reaction, 1
JoeAshkar, 1
yo, 3
food, 1
reigning, 1
Roaracle, 2
KNegandhiESPN, 1
trailed, 1
Greene, 1
SFO, 1
stopped, 1
Liam, 1
End, 1
rileyreacts, 2
//t.co/kJTTpUCyHY, 1
todo, 3
06.18.2015, 1
KingCurry, 2
//t.co/92M6RC3PTj, 3
since, 3
tremendo, 1
Tag, 1
sustain, 1
//t.co/rFgmG4XHsE, 1
7, 22
MyCAREER, 1
ABC7Now, 1
ochocinco, 1
1602, 1
Town, 1
None, 2
Hour, 1
ast, 4
cavsdan, 1
SnapChat, 1
reason, 4
asf, 1
dire, 2
ask, 2
heroic, 1
Fantastic, 1
Nbafinals, 1
SFGate, 4
terrible, 1
Bros, 1
cheering, 1
Bron, 3
expecting, 1
kung, 1
heartbeat, 1
LJMoody30, 1
Chumps, 1
LoVe, 1
pudieron, 5
Cle, 2
knocking, 1
Nowomannocry, 1
unexpected, 1
WeBelieve, 2
dormirse, 1
Reminder, 1
miss, 6
Dellavodova, 1
LOS, 1
station, 1
Tupacs, 1
warriorscavs, 2
selling, 1
GODLEN, 1
jordan, 1
longtemps, 1
rrubiojr, 1
LoserLebron, 1
sta, 2
grey, 1
rothventures, 2
//t.co/4QTTTdnOIP, 1
ALWAYS, 1
shirts, 1
Gon, 2
wasnt, 2
God, 6
//t.co/aw2GAmWhpT, 2
Peace, 3
aussi, 1
Got, 13
Chicano_Soul, 1
Dellabendova, 2
lil, 1
lit, 1
//t.co/iXE2hk2PBZ, 1
//t.co/c8B7LcIvVs, 1
With, 10
cavs, 36
//t.co/Pte58OOLsn, 1
Myself, 1
towards, 3
WarriorsVsCav, 1
obalu_kelly, 1
Tho, 6
comparisons, 2
The, 111
Called, 1
Tha, 2
//t.co/INCpct7FFX, 1
mobile, 8
LeBronJames, 104
Johns, 1
Momma, 1
ring.., 1
//t.co/5gy0JMADxO, 1
usual, 1
105x97, 1
celebrities, 1
ijs, 1
hyped, 2
eduardobarao, 2
BREATHE, 1
quel, 3
pretty, 4
RETWEET, 5
//t.co/CwCDu5eJuF, 1
pretending, 1
during, 3
outshot, 1
IguodalaForMVP, 3
Delladova, 1
hype, 3
BestTeamFromStartToFinish, 1
CavaliersWarriors, 1
//t.co/dDqQyUWCVA, 1
//t.co/g6422c22ov, 1
thebay, 1
WONDERFUL, 1
Mama, 1
close, 9
TeamLBJ, 1
wot, 1
nastpnego, 1
juego, 11
HarrisonBarnes, 2
NBAextra, 1
probably, 6
ItsZohr, 1
KT11, 1
LowKey, 5
missing, 2
keeprunnning, 1
unstoppable, 2
parecer, 1
trionfo, 1
league, 3
//t.co/r9NepNTdMs, 1
Hard, 2
visionsofgrowth, 1
Steve, 10
nbachampions2015, 1
Campioni, 1
//t.co/EApXfqXmoX, 3
basquet, 1
liked, 1
matchpoint, 1
hammerdonthurtem, 7
dfil, 13
whatever, 1
Way, 14
Yyyyeeeeeaaaaa, 1
Was, 6
Saludo, 1
stamp, 1
//t.co/PAI2a8iqKq, 1
Most, 1
California, 8
territory, 1
Especially, 3
JuanTMartinez, 1
Father, 1
//t.co/01MatWsaJl, 13
N, 1
//t.co/TRs8hxdXvi, 1
//t.co/9YqttTJvPn, 2
Donna, 1
44-42, 3
Pick, 1
Basket, 2
yessss, 1
Inchino, 1
Dont, 1
while, 9
loot, 1
animated, 1
ready, 36
bow, 1
//t.co/C58dZrDTvn, 1
Luke, 12
FAV, 39
oraclearena, 3
taunt, 1
used, 1
//t.co/GneZeE0pr0, 1
pedro_alicante7, 2
fatto, 1
plugs, 3
gsw, 2
poland, 1
consistence, 1
Dueling, 1
izquierda, 1
GoGreen, 2
Girl, 2
//t.co/CHiOHJ5a3X, 3
//t.co/29YfNE7wq1, 1
OAK, 1
quarters, 1
Fans, 4
OaklandProud, 1
Shooters, 2
compltement, 1
$, 12
..I, 8
caras, 1
soooooo, 1
confident.., 2
..., 242
showing, 3
//t.co/PLto495S, 1
game, 242
StephenCurry, 14
cymbalicmusic, 2
een, 1
Find, 1
parade, 12
Dancing, 2
some, 24
Fiery01Red, 1
nbaplus, 3
caliber, 1
Halftime, 1
SFGiants, 4
delivered, 1
AMO, 1
eating, 1
nella, 1
step, 2
assists, 3
Kentucky, 1
ache, 1
//t.co/dEQzU8CXZu, 3
Comment, 2
react, 2
lewat, 1
//t.co/szj9htdKJM, 1
Looks, 7
DavidLee, 1
KNBR, 3
shiny, 2
block, 6
Participar, 1
seeing, 4
RattoCSN, 3
pero, 3
70, 1
dauert, 2
slumpcity, 1
//t.co/aPCsgvtfkj, 1
laurine_drc, 1
.., 15
placing, 1
mnima, 1
RileyCurry, 50
aqu, 1
.I, 1
himself, 3
0-3, 1
predicciones, 1
dula, 1
info, 7
thru, 1
Hometown, 1
Twitter, 8
GulliValgeirs, 1
WarriorsforLife, 1
//t.co/QRyqv083zW, 1
EPIC, 1
//t.co/uwmPIul4W0, 1
Ich, 1
GSMatch, 1
Daaaaaamn, 1
MBachCSN, 1
LeBronJ, 1
//t.co/2JZ4wQGnjo, 1
Snap, 1
byronjr23, 4
TV, 9
nah, 1
//t.co/J, 6
A., 1
TO, 7
TL, 3
recordar, 18
//t.co/geyRrvFcBC, 1
TE, 1
draw, 1
dingue, 1
AM, 3
AS, 1
WarriorsNation, 49
//t.co/84EoUBcTq5DAAAAAAMN, 1
earphones, 3
//t.co/S1M8F7zfHl, 1
e, 8
Ai, 2
Am, 2
An, 3
As, 4
watchparty, 3
underrated, 2
gt, 57
//t.co/zbqgtcavnh, 1
NoHoverBoard, 2
//t.co/l3Qq6fqsuj, 1
go, 153
tweeted, 1
dunk, 2
ADelperier, 1
LebronShouldBeMVP, 2
Award, 1
Not, 14
Now, 9
Nos, 1
APA_NBCBayArea, 3
ChefGonnaSteph, 1
maar, 1
cheerleadercrush, 1
anillo, 4
facebook, 2
telling, 2
maad, 1
rawracle, 1
//t.co/ICLdwXCnkN, 1
PratherDawn, 1
ngayon, 1
boots, 1
waking, 2
jump, 3
noise, 1
Enorme, 1
picked, 1
tabpr, 1
mrite, 1
plays, 2
Boyz, 1
;, 214
//t.co/9lZRovNy8t, 1
Tipoff, 7
GOLDEN, 4
//t.co/5aLJ9Qww7D, 6
victorlay, 1
Green, 14
chant, 1
Back, 4
//t.co/cqx8ozjKu7, 2
BlameGrandz, 1
Wonder, 1
battuti, 2
73-67, 1
win, 249
Rliey, 2
Kirk, 1
4.75, 1
wit, 15
singing, 2
Tolbert, 3
fan4life, 1
one-point, 1
3letterman, 1
vs., 28
congratulates, 1
//t.co/UGxFDQ3vmt, 1
//t.co/fIZlI48eES, 1
1/2, 1
igua, 1
started, 5
mismatch, 1
Wednesday, 8
//t.co/Ahq3YKhGkb, 1
LIKE, 1
wearin, 1
ride, 1
ComeOut, 1
Video, 3
drops, 1
control, 5
NBAFinals2015Champions, 4
Mr., 15
pulling, 3
feiern, 1
//t.co/hsox7bAEgF, 1
WarriorsWinAndCavsGoHome, 1
over.., 1
Bandwagon, 2
NHL, 1
Camino, 1
MissLouMae, 1
wemustwin, 1
titre, 2
HIM, 1
//t.co/VCuHcwBGvK, 1
MORNING, 1
fatigue, 1
Dublove, 1
LebronsBiggestBabyInTheWorld, 1
//t.co/BLDsPwHz78, 1
//t.co/Dsaoj18ZN4, 1
CoCojnL, 1
calebgerman02, 1
Smith, 4
FGs, 1
mentioned, 1
WITH, 25
Final, 8
helicopters, 3
BASKETS, 2
madre, 1
RAW, 1
LBJ, 11
mrsniccianthony, 2
BR_GSWarriors, 1
Miami, 25
handdownmandown, 1
camino, 10
hands, 2
front, 1
announcers, 3
Glued, 1
Coolest, 2
//t.co, 39
boyyyyys, 1
guard, 1
WarriorsWillTakeItHomeTonight, 1
mode, 1
EXCELLENT, 1
//t.co/rG3Yz5p1Ib, 1
finais, 1
ESPNNBA, 6
mas, 7
nmeros, 1
SFBART, 1
entertainment, 1
cause, 1
all-in, 1
Draw, 1
//t.co/QJmHV87j78, 1
RANGE, 1
JCameratoNBA..plus, 2
x, 2
Drawing, 1
route, 1
times, 2
49ers, 2
//t.co/lqf81huVoO, 1
//t.co/CA5DTNKbuR, 1
Anoche, 1
bitch, 3
Waaaaaarrriors, 1
art, 1
11-1, 1
VAMOS, 1
long, 10
//t.co/rlhX5obMk8, 1
//t.co/4KxqRJ6bin, 1
adopted, 1
Klay, 9
Keepin, 1
EliasSports, 1
wrapped, 1
final, 13
beard, 1
2-2, 1
cavs/, 1
2-0, 2
2-4, 2
DUB, 2
Alumni, 2
WarriorsFTW, 3
innovate, 2
//t.co/1nRR6LClth, 1
R, 13
Leaning, 3
ILoveThisGame, 1
bei, 1
NBASTORE, 1
goldenstate, 1
bed, 1
blijft, 1
Series, 1
TraphouseJuly4, 1
bet, 8
WarriorNation, 16
Highlights, 3
Thermonuclear, 1
funnuy_4_U_2_all, 1
//t.co/1zWurgZTaW, 1
need, 25
PATH, 1
heatherelwell, 1
p.S, 1
able, 5
Credito, 1
//t.co/DPOFXFqMrr, 3
Photos, 3
thehipmunk, 2
//t.co/NxQwpQgP2I, 1
nytimes, 1
CavsWarriorsa, 1
dubs, 6
campen, 6
campeo, 2
JenSelter, 1
//t.co/7tEQqD0guz, 1
//t.co/HyuuSzC8KD, 1
se, 23
pictures, 1
wow, 4
Matt, 1
Anthem, 4
//t.co/6zskCbJ6Po, 5
passo, 1
Soooooo, 1
passe, 1
Hahahahahahahahahaha, 1
MUST, 1
based, 1
tire, 1
CurryNation, 2
//t.co/DSzOgZvkSI, 1
(, 47
wgachii, 3
won, 85
Barnes, 11
mga, 1
19-7, 1
Looooooooving, 1
ANALISI, 1
tbh, 1
tbf, 1
course, 1
//t.co/VmGyVHoMpo, 1
//t.co/wtdggIe3L8, 1
Cradle_Baby89, 1
she, 9
gran, 2
yassss, 1
Mugs_Noticias, 2
Seni, 1
//t.co/elsiuh0EDi, 1
Driving, 1
Question, 4
Send, 2
WarriorsWinIt, 1
//t.co/OdW0if30pp, 3
Princesslebron, 1
Good, 20
stats, 1
Akapisto, 1
written, 1
stato, 1
beelden, 2
//t.co/5HCcNOIsYJ, 1
three-pointers, 1
Race, 1
key, 3
police, 1
//t.co/9mzgLWO1rT, 14
mais, 3
career, 2
dennisdent24, 1
koutras24, 1
jersey, 2
gohard, 1
youmeanchrismullin, 1
6..they, 1
Lol, 12
Los, 23
Low, 1
tiene, 1
WarriorsForever, 1
TONIGHT, 5
Of, 6
both, 3
izlenmezmi, 1
tweets, 1
Livingston, 19
-.-, 1
ours, 1
And, 65
Tired, 1
harder, 1
05:54, 1
gozo, 1
YAAAY, 1
NBAonESPNRadio, 1
Pretty, 2
//t.co/AJvjTKsgF5, 3
You, 21
giulianoadaglio, 1
Beat, 4
chants, 1
strange, 1
party, 66
http, 1270
pozdrawiam, 1
1-5, 3
Pour, 1
prophesied, 1
magician, 1
steals, 1
//, 45
..outstanding, 1
i, 19
well, 27
ANY, 1
Tide, 1
Have, 3
senza, 1
underdog, 1
GSW, 175
EQUIPAZO, 1
gnie, 1
//t.co/kf28zav8iy, 1
SandraCanales, 1
MURDERRRR, 1
clevelanddotcom, 1
sexto, 1
.Lets, 1
Be, 2
vido, 1
Ba, 1
LBJHatersUnited, 2
Despite, 1
NBAFinalsChampions, 1
goldenchild, 1
Latitude4047, 2
By, 19
homework, 1
//t.co/CaDZm90lwq, 3
shouted, 1
BUILD, 1
//t.co/NZ9ZLMuprf, 1
lost, 10
//t.co/rM6m8NC6cb, 1
exhausted, 1
//t.co/vM3NgkNiOK, 1
lose, 11
WeParty, 2
page, 1
GWS, 2
twitter, 1
warriorsworld, 3
thistownishoppin, 1
home, 50
heartache, 1
vraiment, 4
Monsieur, 1
?, 215
guerriers, 1
Straight, 4
Official, 2
Updated, 1
Us, 1
Ur, 3
Latrell, 1
WARRIORSNATION, 1
Err'body, 1
dun, 1
//t.co/9YlRzz7OGm, 1
UP, 5
UN, 1
more.., 1
CLEVELAND, 4
CSNAuthentic, 2
UA, 1
RIPsideburns, 1
//t.co/XVATSjYGDS, 1
//t.co/D43MPSVVMs, 1
dug, 1
91-104, 4
Fists, 3
rejoice, 1
//t.co/0kHUD9Kyu9, 1
innej, 1
NBAFINALS, 1
Vegas, 25
damn, 3
Mavericks, 1
ht, 20
mmduf, 1
IJS, 1
goals, 1
//t.co/IZZt7jKTOA, 4
ha, 4
one-man-Cavs, 1
he, 43
Mosgov, 2
1TomByrne, 1
signed, 19
BayArea, 21
Ballers, 2
aslan, 1
20-14, 1
//t.co/To4gkUkzAc, 1
piece, 1
sempre, 2
Tinapos, 2
nbachampions, 14
mejor, 3
allana232010, 1
Delladenova, 1
Never, 1
offensive, 3
//t.co/ehRT3BwCaF, 1
WarriorsBasketball, 3
LaCalleRD, 1
star, 2
Like, 8
stay, 3
//t.co/dxtg, 1
JUSTMIKE77, 2
//t.co/q5MGC4Vx8v, 1
friends, 8
PROUD, 3
//t.co/wPNwF7bljm, 1
andre, 41
meritatamente, 2
YEScoachIan, 1
Game5IsOurs, 1
swag, 1
buddy, 1
Residual, 1
aux, 6
sorry, 2
updated, 1
vinceranno, 1
look, 18
TeamCurry, 3
Thomas, 1
baking, 1
upa, 1
ups, 2
//t.co/HinFHMTVTt, 1
9pm, 2
Raiders, 1
force, 1
.tons, 1
likely, 1
even, 7
fugg, 1
sobre, 1
Put, 3
new, 9
ever, 12
//t.co/vDb81fn1ty, 1
Greens, 1
never, 11
//t.co/xxQ5M9mAlJ, 1
Flip, 1
meu, 1
Ohio, 1
100, 12
101, 1
Curry, 296
107, 1
104, 8
//t.co/eJQr6, 38
ignoring, 1
credit, 3
//t.co/XGxiSd4PG1, 1
Congratulate, 5
fantastic, 1
sliced, 1
l'antenne, 1
//t.co/lx37gJfste, 1
Timofey, 3
Epic, 1
orbach, 2
arms, 1
cali, 3
Moment, 1
call, 10
WarriorsVsCavaliers, 16
tell, 3
YahooSportFR, 2
posting, 1
ClubMhoniFans, 17
Already, 1
adult, 2
//t.co/1QsBtfay3F, 1
V, 1
ABC, 6
room, 1
servida, 1
gswarriors, 2
EARLY, 1
Homie, 1
root, 2
give, 6
Lil, 2
//t.co/bedWcwf8BD, 1
Oyeeeee, 1
satu, 1
Watching, 8
Irving, 1
amazing, 10
getsome, 1
answer, 3
snapchat, 1
//t.co/cSRW1kwuSU, 1
//t.co/jwc5ijkCdT, 1
Bonne, 1
All, 26
attempt, 1
third, 1
Ended, 2
680, 1
Blue, 2
deck, 2
Shump, 1
wuz, 1
//t.co/UF0jacJFWi, 1
banged, 1
el_treinton, 2
ispart, 1
before, 24
scoring, 1
HeatLifer, 1
soaking, 1
gente, 18
,, 496
better, 15
creo, 1
weeks, 1
overcome, 1
//t.co/afrPRNiOwB, 1
//t.co/xYWFVHX6z0, 1
FBBerkeleyCA, 1
N.B.A, 1
downs, 1
//t.co/l5vDtnKUfi, 2
Steph, 82
one, 32
ISSUE, 1
courtside, 1
Agreed, 1
sleepless, 1
victories, 1
sido, 1
//t.co/dv2rJ0REN5, 1
went, 21
Check, 15
luck, 8
gunna, 4
Wow, 9
forgot, 1
tzedonn, 2
//t.co/OBzjvJj6hJ, 1
BALONCESTO, 1
USOpen, 1
ARE, 6
crucial, 1
mccoveychron, 1
PG_JerryMicco, 1
Must, 3
grease, 1
SFlove, 1
cutest, 1
//t.co/6ct38mNaC9, 1
//t.co/QOEG9ihHaP, 2
Clinton, 1
starts, 3
Cersei, 1
GOTEM, 1
loud, 1
hoop, 1
//t.co/y8rzFwvHpa, 1
StephGonSteph, 1
Guillaumeddlt, 1
CLEVELANDSTILLROCKS, 1
campeones, 11
ECF, 1
StrenghtInNumbers, 1
//t.co/MdSPDPsCfQ, 3
girls, 1
twisted, 1
EXPO, 3
segundo, 1
gym, 1
nbafinalsgame6, 1
Lu_KaYne, 1
matter, 3
silly, 1
mini, 1
mind, 8
Disgusting, 1
//t.co/xBXq4NbIvV, 15
seen, 2
seem, 2
grind, 1
3puntos, 1
NEVER, 4
POR, 1
chest, 1
tym, 1
//t.co/EJJjhCxazl, 1
//t.co/eJQr6o2ylb, 1
NBAChampions, 150
regular, 8
pronostico, 5
points, 17
//t.co/sD19ETAFQF, 1
urgency, 1
ChampionsCup, 1
YayArea, 2
CHEF, 3
//t.co/aZmd7hwv6L, 1
REBOUNDS, 2
L_Lamonte, 2
Amazon, 2
Free, 5
champs2015, 1
folks, 2
wearing, 6
thatwasnasty, 1
r_shinn, 1
growth_hacking_, 1
stop, 4
Heck, 1
.uh, 1
bat, 1
officially, 1
Over, 7
bay, 10
bag, 2
bad, 13
bae, 1
FinalesNBA2015, 2
decider, 1
//t.co/PRA9WCCn07, 1
kou_30, 1
plaaaaaaaaay, 1
Made, 2
needyourhelp, 1
said, 13
Run, 1
tamoogy, 1
sorts, 1
Overr, 2
Hacer, 10
warrior, 1
C, 1
Ahora, 1
Lebron/, 1
suggested, 3
against, 14
una, 2
else, 4
und, 1
une, 2
otherwise029, 4
WarriorsWinChip, 1
//t.co/mGrE0E4tVW, 1
Forest, 1
//t.co/X5knEs, 1
//t.co/NFEcKLxlZD, 1
ADChappell, 1
puts, 2
three, 4
erect, 1
//t.co/f5c4jbb51S, 1
well-deserved, 1
CA, 30
Flop, 1
position, 1
rkocity, 2
Voice, 1
gracias, 1
Ca, 12
Ce, 1
near, 1
Queen, 1
MUUUU, 1
is, 356
it, 217
defeated, 2
Nar, 1
shame, 1
cant, 3
im, 1
il, 3
in, 364
//t.co/xHr1pelJYv, 1
if, 22
bello, 1
belle, 1
make, 12
V., 1
Puente, 1
//t.co/lMdgF0Hyow, 1
hahah, 1
greenyKOD, 1
//t.co/ctrmx, 1
ella, 6
jetzt, 1
VS, 4
kin, 1
jealous, 1
Cleavland, 1
opportunity, 1
thoughts, 1
Dethrone, 1
serata, 1
romp, 1
Iguodola, 1
youre, 1
Vs, 1
GregMerson, 1
//t.co/BBXfuU7bbn, 1
hacen, 1
yours, 1
left, 7
just, 57
sentence, 1
yea, 2
||, 2
sentenci, 1
STEPH, 7
human, 2
yep, 2
yes, 10
yet, 3
//t.co/hLwADajAav, 1
Remembered, 1
TheDailykNews, 2
//t.co/d26asz5Hiw, 1
News, 2
Chodem, 1
3pt, 1
tmrw, 1
dreams, 1
//t.co/MezamJxXBm, 1
Art, 1
Armour, 1
//t.co/JkMuH7SU7L, 1
NBAPlayoffs, 9
Are, 1
LadybugSupaSuit, 1
deal, 2
dead, 4
coolkicks, 3
Nobody, 1
JLJmath, 2
dimostrato, 1
Drinking, 1
snapchatter, 1
burn, 1
//t.co/iH6tkHSqF7, 1
decisions, 1
burt, 2
//t.co/TcFJ4aXjed, 1
super, 3
zur, 2
CLEvsGS, 1
MhoniSICUMPLE, 22
nuffsaid, 1
D_Gachagua, 3
Including, 15
37pts, 1
zum, 1
//t.co/0coLpGB3Kx, 1
hungrier, 1
SUM, 2
down, 27
stephcurry, 2
Unless, 1
amazingly, 1
c'est, 5
JoelCrouse, 3
NBC, 2
NBA, 339
encanta, 1
Doogie, 1
form, 1
fireworks, 2
KRON4GRadnich, 1
failure, 1
//t.co/Iiw6rkqvIO, 1
contactsport, 1
mirada, 1
analyst, 1
martes, 2
Golden, 118
isang, 1
game6nbafinals, 1
//t.co/pejyGl6BJT, 2
daddy, 1
//t.co/pXdeknQVGA, 1
classic, 1
petit, 2
covers, 1
//t.co/UBFMFz9E9r, 1
fatherhood, 1
ship, 1
shit, 5
holla, 1
Zzz, 1
//t.co/9zFtxORC9n, 1
handed, 2
definitivamente, 1
digital, 13
merecimiento, 1
coronan, 4
HOT, 2
IGGY4MVP, 1
weekend, 1
died, 2
jones, 1
Wie, 1
happening, 1
BreakScaph, 1
Win, 21
//t.co/s2PVeQtuQV, 1
//t.co/7GQ1ACKR78, 3
my2cent, 1
//t.co/bjAyYDpMJ6, 1
walking, 3
Winning, 5
TheFinalsNBA, 4
//t.co/IDuUnAVLqh, 1
lets_go, 1
shot, 33
//t.co/SDmkspmya9, 1
0, 1
finally, 10
Sportfromthecouch, 1
agradat, 1
shoot, 3
KiefersWorld, 1
congratulating, 1
rosaVientos, 1
//t.co/BFRfjgXGts, 1
ojos, 1
Where, 9
Wildcat4Life, 1
did, 47
die, 7
dia, 4
//t.co/fA92YPK5DH, 1
GSWvsCAVS, 35
suckssss, 1
talked, 3
fearing, 1
2deez1pod, 1
Stephen, 38
getsomeaustralian, 1
draymond, 1
run, 7
greatseries, 1
equatorcoffees, 1
HappyBirthdayTupac, 1
kiro852, 1
BRUHHHHH, 1
JLL1978, 2
Heat, 3
Hear, 1
//t.co/L9HW27ITiV, 5
rd, 1
bandwagon, 12
slow, 2
veure, 1
DankerD, 2
Times, 3
wait, 35
boy, 9
DubNati, 1
//t.co/BmCcaAk5UI, 1
shooter, 2
boi, 1
Skynet, 1
priceless, 1
massage, 1
//t.co/hm1UyHa7XP, 1
When, 5
kayak, 1
verge, 1
//t.co/1RX4fAv4e5, 1
everybody, 5
siempre, 2
sake, 1
dude, 3
cuarto, 5
Visa, 1
WarriorsWithdrawals, 1
baaaackkk, 2
finestnash, 2
vous, 1
LibbySchaaf, 1
Orlando, 1
downtown, 2
drico219, 1
effort, 6
fly, 1
WarriorsTeam, 1
//t.co/v2x74KDWS0, 1
Celebrating, 1
Numbers, 2
//t.co/tTo76tto2Y, 1
making, 7
CleAllIn, 1
crazy, 9
fuck, 6
GameSix, 1
ItsAdymynt, 1
TheRealThood, 11
YOUR, 2
Tristan, 2
till, 3
pura, 1
Bullets, 1
skates, 1
staying, 2
may, 6
State104-91, 6
mad, 5
iggy, 2
//t.co/wGm9idxsh2, 1
guys, 23
//t.co/IYuv7isX6u, 1
Yall, 2
man, 14
close-up, 16
deportivo, 1
facile, 1
//t.co/YMuPBCFIPb, 2
avant, 1
q, 3
BADNEWSBARNES, 1
basket, 5
nous, 1
TooLegitTooQuit, 2
talk, 4
thecuboblog, 9
cute, 1
kailangan, 1
//t.co/Dr8fUkH08y, 1
SuupeerPeeteer, 1
lyric, 1
SCAFFBEEZYjr, 2
pointer, 1
//t.co/p8Ud0XJc9E, 1
BrandonClaybon, 1
group, 1
RhetoricalInk, 1
thang, 1
Rain, 1
PattySmyth, 1
coaching, 2
SuperJaZzmin, 1
policy, 1
World, 2
main, 1
Tbe, 1
killer, 1
lunch, 2
srsly, 1
She, 2
expectin, 1
Simply, 2
rock, 2
got-, 1
Generic, 1
//t.co/aoz8v9eNAI, 1
CONGRATULATION.^_^, 1
girl, 6
Vamos, 4
living, 1
CavsVsWarriors, 2
//t.co/CUsJHRh6MQ, 1
poco, 1
dominate, 1
GM.6, 1
earlier, 1
monster, 1
G, 1
Sometimes, 1
WinnersCircle, 1
WarriorsComeOutandPlay, 1
PrediccionCumplida, 52
SteinmetzNBA, 2
slamdunk, 1
thing, 9
IamTopShotta, 1
think, 23
first, 16
Yay, 6
Unspokenmisfitt, 1
//t.co/sGdFMWuJ9Y, 3
Black, 3
Yah, 1
MeatSauce1, 1
Probably, 1
sounds, 1
6assts, 1
little, 2
espn, 14
LetsGo, 1
slept, 1
Iconic, 1
anyone, 7
Post, 1
1m, 6
meme, 30
emocionante, 2
altre, 1
broadcast, 3
13-0, 1
Currytastic, 1
13-4, 2
11, 6
10, 8
13, 1
12, 1
14, 8
16, 2
19, 1
TonyDRadio, 1
LIST, 1
were, 15
noroestemx, 5
geldim, 1
DO, 3
Court, 1
//t.co/akDj23Djmp, 1
Breaking3zero, 14
Hopefully, 2
Tight, 1
GoodNight, 1
hsiter, 1
Do, 8
Shaun, 19
Di, 1
//t.co/luWvricpS5, 2
De, 13
Da, 1
squad, 2
performance, 7
Du, 1
bets, 1
aboslutely, 1
ampiyon, 1
paid, 2
satisfying, 1
voice*, 8
pair, 1
20+, 1
bangin, 3
rating, 1
WE, 12
playoffs, 17
show, 7
//t.co/VkBLiojF60, 1
//t.co/zZN80jVC8b, 1
csgazette, 1
learjetter, 1
corner, 1
takin, 2
We, 76
Gugliotta, 1
caleb_hale97, 1
dice, 6
Wo, 1
enough, 5
RIN, 1
GoWarriors, 17
Smokin, 1
tijslimpens, 1
HAM, 1
get, 50
Turn, 2
Money23Green, 12
//t.co/RAUbMI0yzP, 1
jollygood, 1
W., 1
busiest, 1
morning, 2
stupid, 4
finishing, 2
DubsNation, 5
HELP, 1
redloon, 1
seal, 2
HELL, 1
Beating, 1
wonder, 1
//t.co/Nxzi3U29uv, 1
behind, 13
repetirn, 1
Monje, 1
gagn, 1
campeonatos, 1
Lmao, 2
FOR, 4
quadra, 3
Barkley, 5
killing, 4
enthralling, 1
tub, 1
iamshaddyshad, 5
similar, 1
called, 4
nationalanthem, 2
tout, 1
highlights, 2
among, 1
nbase, 1
//t.co/7QyoYlr7Jl, 1
je, 1
Riley, 8
tercer, 1
mark, 2
//t.co/3ex2NIJJMD, 1
geraford, 1
_Black_Ken_, 2
4thquarter, 1
partido, 13
offered, 1
diamazon, 2
RIPDustyRhodes, 1
wake, 1
metalica, 1
hardcore, 1
COME, 1
those, 2
sound, 2
ScandalN2Deep, 6
To, 8
Somehow, 1
Valuable, 2
n't, 111
Leggendari, 1
FinalsMVP, 11
Basketball, 20
WeAreTheChampions, 2
dellyFlop, 1
Isiah, 1
Wooh, 1
different, 2
pas, 1
Plans, 6
pay, 1
//t.co/7wMOmkjm59, 6
same, 4
//t.co/VqzB9yVdv1, 1
JubileeSanJose, 1
hoisting, 1
//t.co/YzKJ8a0V9r, 1
AnyGivenSunday, 2
AllDayGamerHD, 1
IBDinvestors, 1
wuwuwu, 1
WarriorsOfTime, 1
anyonebutLebron, 1
//t.co/oXPYfXSTnB, 1
L0vingDnea, 1
money, 8
RT/Follow, 19
winner, 5
StuartScott, 1
perto, 3
CalledIt, 1
4, 33
bread, 1
//t.co/WJpXVbu1w9, 1
CURRYxxTHOMPSON, 1
kobebryant, 1
grit, 2
Fuuuuuuuuuuuck, 1
mon, 1
imponen, 1
lboucher62, 1
've, 16
//t.co/AwAkQj0XsV, 1
Mozgov, 6
either, 2
Digest, 4
Savor, 3
rattrap, 1
//t.co/HwagiAbJfZ, 1
//t.co/BJMA7c4CBW, 1
JAAdande, 1
nbaextra, 1
ScarlettRojas13, 1
New, 1
matching, 1
Watchin, 1
Four, 2
outs, 1
Jerseysuits, 1
StephGonnaSteph, 11
picks, 1
'dagger, 1
Sancocho, 1
seconds, 3
ecstatic-, 2
Dre, 1
5rebs, 1
alwaysachampion, 1
MadOak, 1
Proven, 1
IFlyOAKland, 1
I_AmShe__, 2
blessed, 2
strip, 1
//t.co/3F7p1KOPHw, 1
TheFanZone404, 1
Banggggg, 1
decisivo, 1
E32015, 1
WeAreWarriors, 1
I_Am_Iman, 1
//t.co/TSjD2AaSTT, 5
Anyone, 3
Nouvelle, 1
Eddie, 1
deporte, 2
Blues, 1
Eyyyyy, 1
//t.co/atemClOffB, 1
Blow, 1
USA, 1
youtube, 4
deep, 2
general, 1
Blog, 2
Lets, 21
StrengthInNumbers, 87
AdamsIH27, 1
again, 28
sangen, 1
YO_DreaMGURL, 3
IggyForMVP, 1
depth, 2
InsightSports, 1
robertmarawa, 1
At, 2
PacHeights/Polk, 1
StarsDeLaNBA, 1
//t.co/pz9DNCLEfn, 1
//t.co/0Er1hw091h, 5
kingestrada_20, 1
PhilJackson11, 1
Major, 1
Oakland, 78
//t.co/aKeGNioXDJ, 1
Holy, 1
Reasons, 2
Yeah, 5
NYJETLIFE, 1
//t.co/RCkbVQYqpB, 1
Points, 1
u, 13
Year, 1
starting, 1
represent, 4
Vai, 3
Van, 3
Mood, 2
suns, 1
reena587, 1
alegras, 1
talks, 1
Championship, 24
//t.co/QSQN8Zto1Y, 1
//t.co/nQLLpixLPW, 1
victoire, 17
EASTBAYDFRESH, 1
enjoying, 1
sitting, 5
team.., 1
//t.co/utN3HhVmgO, 1
MoneyInTheBank, 2
fall, 1
difference, 2
chilton_stuart, 1
TruthCastersTV, 5
Aye_yo_Aaron, 1
Kill, 3
warriosChampions, 1
20th, 2
neighborhood, 1
30curry, 1
Actually, 1
Only, 5
Arriba, 1
//t.co/hxTirTIGiQ, 1
Giants, 6
abc, 1
TALKING, 1
Arena, 5
K, 1
NFL, 1
minuets, 1
//t.co/s4OWUfPbEW, 1
kNOwSports, 2
stephencurry30, 1
//t.co/yslglXkZfz, 1
conti, 1
mentions, 1
Warriors, 3370
clapping, 1
lguodala, 1
GettySport, 3
//t.co/GJhvjIjFnp, 1
//t.co/UcQ6ngqD7c, 1
merecido, 2
eye, 2
4thQ, 1
two, 3
Cork, 1
splash, 3
Coming, 1
//t.co/q9AHI3ZcHl, 5
OUR, 3
dunks, 1
teamwork, 2
OUT, 2
re-take, 3
letsgoo, 1
//t.co/aHqN1U8ofM, 1
Whatta, 1
town, 1
none, 1
sucky, 1
86-96, 1
der, 2
des, 21
Tonight, 23
dei, 2
del, 7
dem, 2
den, 1
Sprewell, 1
hablan, 1
finishthem, 1
Wooo, 1
numbers, 2
HEARTBROKEN, 1
Cause, 2
//t.co/nbyYYinufX, 1
!, 2820
Hermanos, 2
needs, 7
awkward, 1
cst, 2
Don, 1
streets, 1
NoGame7, 1
coming, 9
//t.co/ZL32zr2TdF, 1
//t.co/s6lT7qLLlK, 1
//t.co/GcXHqGjLz7, 1
derrot, 1
ngaun.., 1
pleasure, 1
//t.co/tHTL2JFMjG, 1
playing, 13
//t.co/KxMfF7OkWd, 1
Forced, 1
What, 42
BlowOut, 1
//t.co/6SLEgybFAT, 1
through, 8
24, 2
25, 1
thrilling, 1
surtout, 1
23, 2
//t.co/PcTuZBrU7L, 3
LONG, 1
late, 4
//t.co/ZA2aRmyWCr, 1
S.Curry, 1
Yessss, 2
Bay, 78
Bad, 1
BayAreaStrong, 2
//t.co/CHlXJ1NKMf, 2
2H, 1
Yujuuu, 1
easily, 1
KY50, 1
//t.co/xyvCSmPCxs, 1
Im_ZackTurner, 6
someone, 2
GAGNER, 1
everyone, 6
mental, 2
//t.co/Q4T0iGBJYV, 1
house, 1
energy, 3
hard, 11
idea, 1
coachsteve, 1
Waiting, 1
thatboybadd, 1
Crying, 2
wewonthegoddamnship, 1
LEBRON, 2
NewMusic, 1
Buffy619, 2
Cavs-, 5
CarniceroDavid, 3
21:19, 1
//t.co/YHf0j7f8P6, 1
GoldMagic, 1
LeBronsDick, 1
EM, 2
EL, 2
pathetic, 1
EJ, 2
Anytime, 1
Una, 6
//t.co/8j7H1h5gWk, 1
Gol_Sorkhi, 1
ET, 2
beginning, 4
Uno, 2
El, 7
En, 2
Eh, 1
Waaaayyyy, 1
//t.co/mveh0J6beo, 2
Joder, 1
Et, 1
Es, 8
Joseimarquez5, 1
LastAtlantaNatv, 1
nach, 1
_Chica_72, 12
done, 23
Champs2015, 1
Beatlebron, 1
Okay, 2
notarealfan, 3
5th, 3
5to, 2
least, 2
Cheers, 2
paint, 1
statement, 1
WarriorsChampions2015, 1
para, 13
TheStarters, 1
XD, 1
part, 1
Problem, 1
believe, 7
Shoutout, 1
//t.co/IiEUOjTPDw, 1
b, 2
gotten, 1
//t.co/7wwBuMhEVF, 1
//t.co/oiJ8f4xfkp, 1
UNCAlum, 1
supposed, 2
//t.co/PvOzUz1k2v, 1
MJisGOAT, 1
booth, 1
gagns, 3
ages, 1
Bout, 2
Godsservant12, 1
gagne, 1
KJExperience, 2
built, 1
//t.co/iI8bvtYg6a, 3
honors, 1
Kin, 1
T-Shirts, 1
Kid, 5
//t.co/Woo7TarEXE, 2
bottle, 1
VERY, 2
chart, 7
-9.5, 1
most, 7
KaileeDias, 4
NBADraftLottery, 1
three-pointer, 1
becoming, 1
YASSSSS, 1
ttp3446, 1
MeetAndGreets, 1
//t.co/TOstPYK9pm, 1
vincono, 1
OUCH, 1
Tfalwell, 3
chef.., 1
poppin, 1
langkah, 2
8, 2
Favorite, 1
WarriorsFans, 1
EJerezESPN, 1
NikkivsPaige, 1
NinjaPlease, 1
Metallica, 13
DavidBlatt, 1
DubsAllDay, 1
//t.co/qW9Rv6rOc4, 1
Yesss, 1
girlswhocancue, 1
CHAMPION, 1
vibin, 1
saidamora456, 9
individual, 1
letsgetit, 1
quarterleading, 1
GET, 2
skawa03, 1
please, 5
fans, 30
shadowandact, 15
champagne, 2
King, 11
//t.co/jq88LWfoAt, 5
BreakTheCurfew, 5
Thats, 2
Yea, 2
//t.co/BsmSC84ebL, 1
Yey, 2
//t.co/deHZpdIlnW, 1
Yes, 15
Rooftop, 1
point, 6
simple, 3
RBRtweets, 1
andas, 1
fashion, 1
Stephan, 1
throughout, 1
Brothers, 1
DJFreshSA, 1
secret, 5
BestProAdvice, 1
Lawdness, 1
thecurrys, 18
gat, 1
gas, 2
swissbeatz, 1
d'acheter, 1
Banigna13, 2
fut, 1
//t.co/L0WOfFyNV1, 1
talking, 7
Feel, 2
Threes, 1
Feet, 1
fue, 19
MarkeezyS, 1
fun, 5
2night, 1
cents, 2
nieka, 1
Bogut, 3
puresilk, 1
FINALS, 2
Warriors.., 1
NBAF, 1
BandwagonAlert, 1
keys, 1
.clearly, 1
yesterday, 1
husbands, 1
moment, 5
green.., 1
beanie, 7
finesse, 1
entre, 1
//t.co/Jo4GuggnPT, 1
spent, 1
lebronsucks, 2
..came, 3
chemistry, 2
CSGazetteSports, 1
Coliseum, 2
50/50, 1
//t.co/mFkxH92zgj, 1
mostruoso, 1
balling, 1
injuries, 2
letting, 1
cut, 1
cup, 2
//t.co/9SSghi58kf, 2
cuz, 1
OaklandChampion, 1
63-60, 1
Goals, 1
Soaking, 2
snap, 1
Goalz, 4
excited, 5
//t.co/PGWyWnxDhF, 1
hater, 2
//t.co/uscvVllwwW, 1
YEEESSS, 1
bij, 2
Did, 9
Die, 2
rebound, 3
DUBS, 5
MCHammer, 11
bueno, 2
bis, 4
Autant, 1
GoldenState, 69
concluent, 2
//t.co/JS9KUikIFJ, 4
WeHere, 1
back, 39
333333333333, 1
Patottas, 4
//t.co/9q1dpRzih3, 1
3-way, 1
ourselves, 1
Woke, 1
LMAO, 1
BLOWIN, 2
bball, 1
decision, 1
per, 2
Nothing, 2
epic, 1
NiggaYou2-4, 1
Igudola, 1
Boy, 4
remembered, 1
ufc, 1
fed, 1
O, 3
David, 2
Boi, 1
Bom, 1
plaaaaayyyy, 1
Davis, 1
gioco, 1
kflamer, 20
Jimmy, 1
nohoesla, 1
bayarea, 7
M_Pepiito, 1
boyz, 1
curryvsjames, 2
lesson, 3
//t.co/4elC31Hbz8, 1
Excellent, 3
forward, 6
Wanted, 2
Come, 15
boys, 15
hopes, 1
MarcosBreton, 2
Doing, 1
Sooo, 1
Amazing, 7
planet, 2
BOOK, 1
//t.co/s8VCwshNnT, 1
Fiyahhhh, 1
Wahoo, 1
Knicks, 1
BillSimmons, 1
GOLFer, 3
prevail, 1
//t.co/OI0N5PvQ7w, 1
WELL, 1
Bubba, 1
excuses, 2
Mac, 1
Extremely, 1
Man, 3
favourite, 1
Taffsalot, 1
nbafinalschampions, 1
desert, 2
//t.co/E0Wd3nIw2g, 1
STalkWarriors, 5
teams, 8
amused, 7
cooked, 1
StateofOrigin, 1
kickin, 1
Baannnnggg, 1
Neeson, 1
Someone, 1
Netanyahu, 4
ambience, 1
Mhonividente, 12
//t.co/MquoRRzqaZ, 1
NBAporESPN, 1
putting, 1
//t.co/kEN4C8ndh1, 1
entire, 2
//t.co/cOywCMX3G2, 1
Justyn6, 1
shock, 1
//t.c, 17
Defense, 2
//t.co/jGc8332XWx, 2
micahcrider, 2
dubsnation, 1
bleeding, 1
FRIDAY, 1
mr.bron, 1
Long, 1
THATS, 1
WHAT, 1
//t.co/HnNZRlGshR, 1
3s, 2
anthem, 3
valerieboldrin, 1
//t.co/6V0VrvFzJD, 1
W-A-R-R-I-O-R-S, 1
FT., 1
AleshaRay_WX, 2
FTW, 2
1330, 1
packing, 1
others, 1
NorCal, 58
//t.co/MnRwN8nNbs, 1
talent, 2
Chinese, 1
33, 1
30, 8
37, 8
35, 1
34, 1
warriors_store, 3
Download, 1
LIFFFFFE, 3
named, 2
AllHailJayCee, 1
FT, 1
LaurinHDo, 1
book.., 1
private, 1
KNOW, 1
nbajp, 15
//t.co/HpLoil09rk, 1
HOME, 1
WarriorsChamps2015, 1
Salute, 2
Nice, 5
Ft, 5
Fu, 1
2:43, 3
PlayoftheGame, 1
themselves, 1
//t.co/atJfQJXFpW, 1
Tortillas, 9
WarriorTaker, 1
//t.co/LufNei7YX6, 1
//t.co/aSq98wYlT2, 1
f, 1
//t.co/1VUKw47Pcf, 1
Grazie, 1
unreal, 4
Excelente, 1
MoneyMik3y, 1
Schlick22, 1
.just, 2
kiki_luvs_, 1
serial, 1
//t.co/wCqy8YRCRX, 1
Ya, 6
winners, 39
2:0, 2
//t.co/N9XTtUDZFh, 1
buildings, 1
endorsements, 2
Yessssssssssss, 1
WarriorsvCavs, 3
sir, 10
klay, 3
//t.co/vp2bDQ3elf, 1
piace, 1
2014-15, 1
EXCITED, 1
drop, 1
//t.co/gkAwDr31jU, 1
KlayThompson, 6
NBATitle, 1
WinorGoHome, 1
le, 9
la, 68
lo, 24
DEMASIADOOO, 1
pawpaw, 1
winning, 151
squadup, 1
basketballbuzz, 6
LilMalice8, 1
Podcast, 1
dad, 1
Loved, 1
later, 3
DemThrones, 1
dam, 1
Paoacosta_22, 2
vencer, 1
PinkJewelz, 1
dat, 2
mention, 1
kid, 1
das, 3
uuuupppp, 1
day, 24
YSportsRadio, 3
LETS, 10
TheRealVeroB, 17
//t.co/o53vxYQFTi, 1
seanheld, 1
From, 2
buena, 1
//t.co/dq6UblRUtE, 1
CongratsGoldenState, 1
BEAST, 1
rep, 2
stub, 2
MariaBautista70, 1
reb, 1
//t.co/fi, 5
ref, 1
qur, 1
RACHEL, 2
que, 57
qui, 17
bleed, 2
defensewinschampionships, 1
baaaaabyy, 1
//t.co/yAxzAGIe3S, 1
finest, 1
samperrier, 1
//t.co/xdF8Bpgayt, 1
//t.co/Bp6zPPUxdl, 1
..HAHAHA, 1
Coast, 5
w/, 3
WARRIORRRRRSSSS, 1
Wassup, 1
gear, 3
nobody, 1
WelcomeBack, 1
//t.co/se2D3jRQHW, 9
yeni, 1
TooShort, 1
pointers, 1
//t.co/mTPQg89BHr, 1
N'T, 26
loves, 1
growthhacking, 8
magistral, 1
Pat, 1
Pau, 1
Blatt, 2
UAbasketball, 1
Caviar, 2
have, 62
38.4, 1
//t.co/RCPGQzajxV, 2
turn, 1
boyyy, 1
min, 1
congratz, 2
w2nc, 1
mis, 1
//t.co/aYPk5Zrx1I, 2
Glad, 2
//t.co/akoJX0HQAw, 1
Without, 1
SapphireLV, 49
_NBA2K15, 1
mydaughter, 1
RIGHT, 2
takes, 2
lebroning, 3
knbr, 1
Supernova, 1
elimination, 1
CURRYY, 1
//t.co/EPDOTfB2R8, 1
grabbed, 2
WarriorsInSeven, 1
//t.co/wN9G9QWxU9, 1
Compliments, 1
Deserved, 2
beat, 12
LOCKEDIN, 1
dribble, 1
timing, 1
Complimenti, 1
//t.co/yIYk2M3zOs, 1
Damian_Channel, 1
ganan, 5
calling, 4
ganar, 6
ganas, 1
Broadway, 3
fixed, 1
Area, 74
Lebrona, 1
national, 4
1:48, 1
intensity, 1
Lebrons, 1
awaits, 1
interview, 1
blatt, 1
routine, 2
July, 1
vrs, 2
E40, 28
Kudos, 2
manuod, 1
gametime, 2
//t.co/sHQJYDAy85, 1
S, 4
*shmoney, 1
//t.co/9YxFXhgTAi, 1
WomanCrushWednesday, 1
//t.co/CrfpIfjkHv, 1
sydelcurry, 1
taking, 7
//t.co/9gBb6eBm01, 1
Thatkid_Jamjam2, 1
Azul, 1
Felicidad, 1
perezandrew_8, 1
1stIn40Years, 1
comment, 1
Leta, 1
//t.co/NePklbCf8G, 1
Bench, 1
vend, 1
news, 4
Temple, 1
xoricki_, 1
R3DK1NG, 2
//t.co/OESuoTt4Fv, 1
WHOS, 1
//t.co/3mkgjTDkkB, 1
rarekicks, 3
sadgoals, 1
Center, 1
cop, 1
perderemos, 1
KBirkenfeld, 1
finished, 2
homey, 1
Christian_DRMLN, 1
//t.co/85IFmvTYMY, 1
nijataughtyou, 3
almost, 3
helped, 1
BeastMode, 1
), 58
Poster, 1
GAS, 1
800th, 1
Drought, 5
//t.co/sGwRC4zF2v, 1
injured, 2
tiempo, 2
Breathemilyy, 1
//t.co/IX9j0eS0kI, 1
UFC188, 1
Order, 4
xo__nicoleee, 1
nevertheless, 2
//t.co/ukke5n268j, 1
thought, 5
NationalAnthem, 1
//t.co/MBpy42SljD, 1
craigmelvin, 2
Total, 1
lockitin, 1
41pts, 1
THRILLED, 1
Fanatica, 1
40pts, 1
CURRYMVP, 1
quiero, 1
field, 1
Troch, 1
Friday, 2
YouTube, 2
bench, 12
LetsGoWarriorsLive, 2
grow, 2
NBAMEX, 1
match, 5
OaklandFire55, 7
NBAFinal, 1
paralelo, 1
//t.co/y0MWjJuORU, 1
insert, 2
Playoffs, 2
like, 66
success, 2
IrishNachos, 1
40aos, 1
5_juego_de_la_serie, 1
david4969, 1
segreto, 2
pals_tyler, 1
Awkward, 1
//t.co/QwUfO1cHGO, 1
hair, 12
Offers, 1
Hardball, 1
MuestraTusColores, 2
happens, 1
Mike, 2
est, 4
ese, 1
assuming, 1
eso, 1
SALUTE, 1
BWtrends, 3
pepper, 12
Heaven, 1
//t.co/RkXPXPXWUm, 1
//t.co/ZP7GPkceES, 1
about, 47
DEFENSIVE, 1
Two, 1
playoff, 3
HansenNichols, 2
termina, 1
BringOnRiley, 1
bezbze408, 2
AGAIN, 1
buy, 1
but, 56
reminds, 1
YEES, 1
wise, 1
wish, 6
Walk, 1
XianLimm, 2
provato, 1
minutes, 2
pic, 3
pie, 1
3:30., 1
ahre, 2
commentators, 1
shooting, 2
ZTE_USA, 1
48, 1
//t.co/bUXjBozxjj, 1
40, 29
surreal, 1
Fatigue, 1
Know, 2
out, 96
//t.co/vBm1UKJ1ls, 1
//t.co/uWkY3YNDBH, 1
regular-season, 1
Bon, 3
STEPHCURRY, 25
WarriorsWon, 3
//t.co/ExP3anOiTC, 1
goin, 1
Refs, 3
SportsBueno, 1
//t.co/5N363hJ5lc, 1
LIFE, 2
CMON, 1
hats, 2
Congratulated, 1
dynasty, 1
sleep, 24
hate, 4
G5, 1
DANCE, 25
pride, 5
@, 2432
couldthisberob, 1
GS, 14
rise, 1
every, 5
GO, 24
GN, 2
//t.co/iWVr7BHSpI, 1
paparoach, 1
school, 3
LoyalGolferMN, 1
Go, 66
PARADE, 1
//t.co/6qy7eLQrpU, 1
street, 9
westcoast, 2
blue, 9
GlamGirlsLA, 1
//t.co/Z3Se5aLMeC, 1
kicked, 2
JoeBudden, 1
GARA, 1
Zo, 1
Andrs, 1
Re-watching, 1
completely, 1
Andre, 29
Swear, 1
changes, 1
ambulances, 1
Group, 2
Tena, 1
ChampionsLeagueFinal, 1
feelings, 2
Generics, 1
would, 23
to, 665
swjurgens, 1
preview, 8
lebronjames, 1
excellent, 1
muss, 1
must, 6
me, 40
Crazy, 1
mf, 1
ma, 5
mi, 12
mu, 1
GoCougs, 2
LaceMeUp_, 1
ms, 2
my, 76
//t.co/uqXIy2OGVz, 2
ALLinCLE, 18
Lord, 1
JuiceyPearls, 1
keep, 3
end, 15
Heureux, 1
Deli, 1
cavs-warriors, 1
Dell, 1
ONE, 4
Jordan, 4
jumping, 1
Mamma, 1
Oooh, 1
mesa, 1
40min, 1
//t.co/QCf5n6Qz8l, 6
CrowesBeats, 2
acknowledged, 1
ms_tlovee, 6
//t.co/SvAwf6OUQU, 1
WarriorsChampions2O15, 1
naman, 1
bestie, 2
CrossOver_JL, 2
Stop, 1
over, 56
jpeg, 1
ChrisFedor, 6
Triunfo, 4
deeznuts, 6
Hero, 2
2:02, 1
Continues, 1
expectations, 1
Here, 9
400, 1
ATLHawks, 1
JoseRondon26, 1
Kids, 2
//t.co/hd2alJGFkI, 1
ilikewagons, 1
Foul, 1
explode, 1
CAVSvsGSW, 4
OracleArena, 7
victory, 13
each, 1
//t.co/sEKY, 2
dethrone, 1
Advil, 2
yeeeaaaahhhh, 1
celebrating, 19
KIAenZona, 1
lost.Next, 1
Curry-O'Brien, 1
goo, 1
gon, 20
driving, 2
sang, 1
god, 1
RayDaTay, 1
YASSSS, 1
got, 50
w/37pts, 1
free, 6
W, 9
wanted, 2
fuckthecavs, 1
17-16, 1
Photo, 7
BASKETREPORT, 3
days, 4
//t.co/gGj6BWRXqi, 1
TIME, 2
muralla, 1
already, 7
steelrailcafe, 2
Excited, 1
AREA, 2
MVPFINALSIGI, 1
top, 2
Reprise, 1
leggendario, 1
quinto, 1
rcords, 1
too, 41
toc, 1
Trolling, 1
LeBron.., 1
took, 7
//t.co/TVoUiILJiw, 2
hbarnes, 6
DRAY-MOND, 1
zero, 3
Gana, 6
birahi, 1
bridge, 1
tht, 1
hammertime, 1
pass, 2
//t.co/68IbRjWVPQ, 4
//t.co/pRQ6pRio29, 1
saragon0214, 9
SonySIX, 1
//t.co/wWZJAnQtC2, 1
-, 57
elegance, 1
brandon, 1
CAME, 1
though, 9
CWS, 1
Shooter, 1
//t.co/BKxNxoDLaZ, 1
//t.co/Czre9xtVh2, 1
flow, 1
IDOL, 1
Want, 2
entertaining, 1
WarriorsGotLUCKY, 2
Its, 3
//t.co/kkFaAiSD9p, 2
Flash, 1
sage, 1
Assasin, 1
colors, 1
LuhYou, 1
pki, 1
WorldChampions, 2
Big, 7
09:03, 2
67-73, 2
cbsmireya, 6
Igoudala, 9
Finals, 29
WakeOfWeek, 7
WEE, 1
unassisted, 1
watch, 20
Turnt, 1
top10lists, 1
shutting, 1
report, 2
CurryForDeah, 1
WarriorsWin, 14
Quarter, 2
boulot, 1
ErikaLynnSEA, 1
twice, 1
shots, 4
MiamiBeach, 1
Top10, 2
eBay, 5
nun, 2
StanceHoops, 2
NBAonTNT, 1
Performance, 1
game., 1
clevelandisallout, 1
game6, 2
game5, 5
game4, 1
rends, 1
JoeFortenbaugh, 1
LOVE, 1
wear, 1
//t.co/Lk9v2ol1b1, 1
WeGonnaBeChampionship, 1
faced, 1
playera, 1
Yeeeesss, 1
//t.co/JGZ22bHhAm, 2
players, 17
games, 6
spurs, 1
What2Watch, 1
news10, 3
GOOOOO, 2
ChrisPetersen90, 2
betting, 1
Mhoni, 3
WarriorsInSix, 1
//t.co/yppkSyHRZ6, 7
conference, 1
beef, 1
been, 26
beer, 2
expected, 2
YRN, 1
catch, 1
hormiguero, 1
delly, 3
//t.co/Xlg6jJZQSJ, 1
//t.co/0GG224zSAmare, 1
n, 55
Emphiaaaaa, 1
Fav=Yes/RT=No, 1
teachers, 1
stopping, 2
delle, 2
della, 1
OsNk304, 1
//t.co/XHgOcQ3Zgc, 1
Wooooo, 1
//t.co/lBWpBaFmMg, 1
sacre, 1
Sieg, 2
Tell, 2
WINSTRONG, 1
cheerier, 1
BringingItBackToTheBay, 53
IAMGUILLERMO, 1
prettylightsk_n, 1
forehead, 1
Sinon, 1
CAMPEONES, 4
several, 1
Taking, 1
playitusa, 1
Currynation, 2
Signore, 1
SC30, 1
shortly, 1
ocean, 1
AuraSoundz, 2
greatest, 2
//t.co/gh2MBzlYHu, 1
Satu, 2
//t.co/je5gli23S8, 1
IBDNews, 1
Sarap, 1
SoundCloud, 2
//t.co/xVra6UYH0l, 1
beawarrior, 1
teenager, 1
Recap, 2
a_nichelle, 1
gave, 2
MVP.^_^, 1
D, 14
James, 30
breaks, 1
KyrieIrving, 3
Desde, 1
bande, 1
58, 1
gift, 1
51, 10
50, 5
NoComeBackFromThat, 1
Heard, 1
5., 1
matchup, 2
hanginwithmrcooper, 1
RSVP, 7
Again, 2
TurnUpTuesdays, 3
GAMEGOLFCrew, 3
WinIn6, 1
Much, 1
rambler_sports, 4
HA, 4
finna, 1
HE, 1
Life, 1
//t.co/BvZExDUc4w, 1
everything, 4
Dave, 1
broadcaster, 1
412-714-6688, 1
Chris, 3
foda, 1
He, 14
hse, 1
//t.co/CnmGuf6uSo, 1
SteveKerr, 23
FCVK, 1
22-22, 1
2015champions, 1
niiiiiceeeee, 1
plus, 5
//t.co/Bh0ZvWub0g, 1
Still, 5
curry, 31
Best, 19
6thMan, 3
//t.co/hSmOsIsk9P, 1
aha, 1
ppg, 1
bath, 1
NbaTittle, 1
MuchAppreciated, 1
deadass, 1
FREAKING, 1
why, 13
stuck, 1
fought, 4
Ftbol, 1
verskulda, 1
//t.co/75DL07SYGh, 8
GM4, 1
Congratulations, 50
attempted, 1
6, 70
gulfstream, 1
heat, 1
PanaLo, 1
hear, 6
WarriorsGround, 203
GilliganWSOC9, 5
Uruguay, 1
BRO, 1
arnaudmorel7, 1
chrisvisi0ns, 3
//t.co/tLNXLuEDal, 1
TheCity, 5
juntos, 2
check, 14
ni, 1
Monster, 1
nn, 1
no, 21
na, 33
nb, 1
when, 64
ne, 1
//t.co/xlxObY9ZMT, 1
//t.co/LeLnGUEcJh, 1
til, 1
np, 2
tie, 3
Double, 1
football, 2
ACBilderbrg, 1
//t.co/WGIJupEXTT, 1
spanked, 1
StanleyCupChampions, 1
whoooo, 1
serious, 2
neighbors, 1
coach, 6
Title, 9
//t.co/emXZsiRwTQ, 1
focus, 2
leads, 4
i.kain, 1
retour, 5
COURT, 1
stephencurry, 1
Today, 11
row, 3
Dad, 1
CONGRATS, 7
beste, 2
Truly, 2
Dat, 12
Les, 9
Day, 9
advantage, 1
ganador, 7
HAAAAAAAAAAHAHAHA, 1
Rockets, 2
cook, 1
Athletics, 4
AUDIO, 1
cool, 4
level, 1
BandWagonFansMakeMeSick, 1
UD40picks, 2
Currymvp, 2
quick, 1
yall, 2
Maana, 1
says, 7
GoTFinale, 1
//t.co/67dfdbbXMM, 1
saya, 2
ShellyFNRenee, 1
Ref, 1
heing, 1
drinks, 1
Champion, 22
Jr86109745, 1
SERIE, 4
Que, 3
goes, 35
marketing, 13
//t.co/Upd, 2
Sweety, 23
Pese, 1
novato, 1
[, 2
CavaliersNation, 1
//t.co/61d9LoqaUI, 2
6-0, 1
LadyGooner8, 1
healthy, 3
earned, 5
proud, 19
molto, 1
exams, 2
Conference, 1
footlocker, 1
Said, 1
threes, 2
Felicidades, 5
Lmfaooo, 1
1st, 6
//t.co/qQaDvbIcyN, 1
WWEMITB, 1
sports, 6
todas, 1
today, 34
October, 1
riot, 1
These, 7
PlayoffFinal, 1
Calling, 1
townbusiness, 1
Time, 7
Family, 6
chyna_town16, 2
Quinto, 3
NBAFinalsMVP, 2
and1, 1
Marlana, 1
figure, 1
StrengthInNumbers=, 1
Mix, 1
kpiff12, 1
Props, 1
counting, 2
//t.co/grLTLiK724, 1
NBAchampions, 3
1, 38
fourth, 1
unbelievable, 2
ClevelandCavs, 1
dubson7, 4
Wildcats, 12
//t.co/gZBuAHm732, 1
GANG, 2
Exclusive, 1
37-33, 1
play-ay, 1
CtB, 1
//t.co/5yFHH8TImx, 1
thankyoukelly, 1
words, 4
Breaking, 1
*chuckles*, 1
arm, 2
//t.co/Jq1o95qFyT, 1
aberturas, 1
White, 2
leggo, 1
BK.., 1
31Crew, 2
happened, 2
abc3340, 2
MakeItRain, 1
NIGHT, 1
PLAY-YAAAAAAAY, 3
ppl, 1
Hooters, 1
wagon, 2
name, 3
WARRIORS, 36
LLEVAN, 1
2ndQ, 2
neutered, 1
//t.co/sDaYSNETGP, 1
busts, 1
STEPHEN, 1
fouls.., 1
begun, 1
DirtyMonatana, 1
8:10p, 1
GameChanger, 1
MADE, 1
//t.co/U0nc86Cr0s, 7
CoachKerr, 1
//t.co/SyALQwPadf, 1
//t.co/Cvwn76ZUz3, 1
//t.co/bMi7A8rS6N, 1
END, 1
notare, 1
//t.co/xeFPX4eJ5A, 1
LEAD, 4
flare, 1
Partido, 2
//t.co/g8cDCwqPIl, 1
swing, 2
//t.co/jGesFnvFir, 1
//t.co/cqaQccJLCQ, 1
CHAMPS, 5
Start, 2
Stars, 2
RaceSonoma, 4
tingling, 1
BGGrosso, 8
6/14/15, 1
NardFerrer, 1
Please.., 1
Such, 23
white, 1
gives, 1
//t.co/dru5ybcMED, 1
hug, 2
//t.co/isjxCnC6QB, 2
CLE, 31
ill-advised, 1
Love, 13
lmao, 1
r, 2
GM5, 1
//t.co/Dx57OpiDVp, 1
Quicken, 1
and, 200
ang, 6
head, 2
confrontational, 1
any, 10
//t.co/T85FPTTWFl, 1
overjoyed, 1
LarrySmithTV, 1
arabprodigy30, 1
drunkwhiteboys, 1
Shhh, 5
MLB, 1
sure, 12
GOH, 1
//t.co/CdTJDStPGI, 1
//t.co/ZKf7AZa3vZ, 1
GOT, 2
//t.co/BxdvpE8NkO, 1
Whoever, 2
//t.co/p8lEk7VsHR, 1
//t.co/Ui3LkU, 15
hungry, 1
patolucas_J, 2
Bay.., 1
GuillermoCurse, 1
perch, 1
WarriorsvsCavs, 16
//t.co/TsIF8VLNgJ, 1
//t.co/wrl5JkqZqR, 1
lebronbelike, 1
woot, 2
knicks, 2
state, 14
crime, 1
walls, 1
wool, 1
cierran, 1
IGGYTIME, 1
freaking, 1
//t.co/mnEmlw1YDq, 1
predicted, 1
y'all, 5
//t.co/zXA0QrzBF4, 1
college, 1
parking, 1
MakingItRain, 1
Tripletripleburger, 1
//t.co/18e03LGdb8, 2
weapons, 1
outside, 1
BigDre1909, 1
sirens, 1
//t.co/toj1VEHTqU, 1
breakfast-whatever-lunch-whatever-, 1
como, 2
DOWNLOAD, 2
20, 7
come, 29
postage, 1
reaction, 3
superstar, 2
quiet, 1
contract, 1
_culv, 2
Individual, 1
LawMurrayTheNU, 1
SerieAtipo, 1
waptrick, 1
play-i-ay, 2
pot, 5
por, 12
period, 1
mrit, 1
63, 1
65, 1
67, 4
69, 1
Herculean, 1
//t.co/H3Vs04iHHl, 1
Buy, 1
Sjsindicate, 1
But, 15
blessing, 2
saison, 1
-FALLING, 1
careful, 3
WAS, 1
spirit, 1
case, 1
myself, 3
//t.co/7kRnUcVkeJ, 1
//t.co/jLuaaI9Qto, 1
LuvTLC, 6
//t.co/8gox1zzqaZ, 1
CUUUURRRRRYYY, 1
cass, 1
jackofalltweetz, 2
Oak, 1
//t.co/lmqfp4Pv7E, 1
good, 37
jimrome, 1
empatada, 1
ALEXApomales, 1
bowl, 1
CURRRRYYYY, 1
I., 1
reminder, 1
week, 2
IS, 3
drives, 1
mutha, 1
first-half, 3
IM, 1
mysonisinthsththang, 1
statue, 1
IN, 6
changing, 1
weep, 1
IG, 1
//t.co/GZIOdi6OoQ, 1
//t.co/jhIrN8zruu, 1
Is, 16
It, 44
without, 4
Im, 7
Il, 3
In, 14
CLEvsGSW, 11
If, 21
//t.co/XORyRRLhVE, 1
//t.co/tGOLJ3OJEg, 1
tip, 3
TampaBayLightning, 1
hehehe, 1
ng, 1
//t.co/GUAxKhe5iu, 1
favouring, 1
claythompson, 1
WorldCup2015, 1
lets, 15
//t.co/pdbOtNv6Yo, 1
far.., 1
Many, 1
Terrible, 1
Tall, 1
//t.co/SYpx8leQBk, 1
rick, 1
Talk, 1
towel, 1
ManU, 1
forevsmoron, 1
Bravo, 5
DubsGetTheDub, 1
//t.co/pSFNpgepB9, 1
Goodjob, 1
NATION, 1
halamadrid_reus, 1
//t.co/lhvkr8QFxI, 1
WarriorsAllTheWay, 1
cookinggg, 1
Ellen, 1
staceyeturner, 2
//t.co/UTXdXYGNuX, 1
Listen, 8
MycaGandahanako, 1
put-back, 1
//t.co/0t6IE0mXpG, 2
//t.co/QvoTskqRtK, 1
ubitchu, 1
DISABLED, 1
KOBE, 1
on, 248
ok, 2
mhonividente, 90
oh, 3
of, 199
//t.co/HTBhj8us57, 1
Thelma, 9
104-91, 20
stand, 5
104-95, 1
os, 1
or, 37
MarkJackson13, 4
ClevelandCavaliers, 4
gara, 4
//t.co/YGA37gZlIx, 1
gars, 1
Congratsss, 1
hari, 1
there, 17
DabombGrill, 3
shamelessly, 1
jus, 1
Nuff, 1
RobParkerLocal4, 1
Iguodala, 66
MVPIGGY, 1
Pistons, 1
//t.co/x5UDSAPgTi, 2
LET, 5
FBI, 2
toilet, 1
rve, 1
taste, 2
feliz, 18
tenlife, 1
//t.co/jkfXoOuGSj, 1
Pivotal, 1
politics, 1
W.O.W, 1
deserve, 5
//t.co/BSRlUqsLuQ, 2
5, 108
championship, 53
finali, 1
NaranjoJuliana, 1
//t.co/z0cKHyUjlv, 3
finals, 27
calls, 6
odds, 3
Brain, 4
//t.co/EmdTOZf5g6, 3
Breen, 1
all, 95
Hoje, 2
fuego, 2
Flicitations, 1
pts, 10
DESERVED, 1
LEBRONnoMETEconIZQUIERDA, 1
program, 2
ROARacle, 1
song, 5
far, 7
sont, 3
fam, 1
GIM, 2
ticker, 1
//t.co/2TPRsi809Z, 3
GoGSW, 2
9:23, 1
//t.co/jUsAk1XMH4, 1
tem, 1
Juego, 3
bayareanative, 1
Easy, 2
nba, 53
East, 1
what, 34
sul, 1
Fran, 1
sui, 1
//t.co/9DjEtm2XzD, 1
version, 1
sus, 4
sur, 4
SPORT, 1
vamos, 5
Short, 1
Australians, 1
hungover, 1
owns, 3
StephCurry30, 1
Congrat, 3
taga, 1
Gundy, 3
BABY, 1
manco, 1
rock8y, 1
KTVUJulieHaener, 2
SonyaCurry, 3
perdedor, 1
off.., 1
Une, 1
Style, 2
suddenly, 1
Top, 2
VodkaOnMe, 1
//t.co/36jpieLcuo, 1
StephenCurry30, 181
Too, 5
Tom, 3
tutto, 2
tutti, 1
T-shirt, 1
//t.co/InBKx0RKYn, 1
ParadeOnFriday, 2
dwade, 1
Cmo, 1
flat, 2
knows, 1
BaloncestoCKT, 2
MVP, 114
basically, 2
glad, 7
Dowtown, 1
Int, 1
LebronWHO, 1
codybornemann, 1
v, 6
Tomorrow, 4
Thompson, 10
Gelukkig, 1
court, 8
goal, 2
buenos, 1
sandwich, 1
//t.co/Qeaqh9vF2x, 1
trickbaby, 3
Remind, 1
lighting, 1
FAKE, 3
short, 2
essere, 1
Played, 1
Player, 3
grande, 1
obtiene, 1
grandi, 1
//t.co/Kqu8BOXuNr, 1
GSWarriors, 12
//t.co/GkgwORpNVN, 1
martins4xf, 6
Full, 1
Darri_Pink, 1
//t.co/E7iLUwSskx, 1
bout, 1
soccer, 1
might, 4
somebody, 1
Dominican, 1
NbaTipo, 28
L, 3
PALM, 1
//t.co/ykA6BzPk5s, 1
LbJ, 1
UNC_Basketball, 1
Lacob, 1
Rap, 1
1stQ, 1
Ready, 2
Muy, 1
therealpoplife, 2
Sports, 1
expect, 1
kevinlove, 2
More, 4
nuove, 1
rugiebee, 2
JeremyHL, 1
Dlee042, 1
health, 2
Doom, 1
Turnovers, 1
loic_maze_MCFH, 1
//t.co/7A1x9mWEdu, 1
//t.co/qrvqrpCK9H, 1
signedauction, 18
Congratulation, 2
LatePost, 2
//t.co/yBLaoAXiRo, 1
throws, 2
Barakat, 39
feed, 1
feel, 6
playofffinal, 1
ftent, 13
//t.co/8HKxstLiwQ, 1
Indian, 1
story, 11
Cavaliers, 157
leading, 5
VeronicaDLCruz, 6
//t.co/hWHBpO8ZIU, 1
passed, 1
NBAMVP, 1
ActuallyNPH, 1
Panalo, 1
El14Xabi, 2
_TyQDavis, 1
rifle, 1
KimberlyKJM, 1
king, 5
kind, 1
double, 8
dans, 13
MacDo, 1
Matildas, 1
teve, 1
BABYFACE, 1
TheRealJRSmith, 1
Espngreeny, 1
lequipe21, 1
OsirisRenuncia, 4
outstanding, 2
NatashaCastles, 1
depleted, 1
steht, 1
StanleyCup, 1
nbachampionship, 1
poner, 5
SFWarriorNation, 1
Viewing, 2
maison, 5
Germany, 1
TEAM, 6
ponen, 1
Jetted_AG, 2
warnings, 1
reach, 1
77, 1
Emily_Forte, 25
73, 4
71, 1
exes, 1
nothing, 1
seasons, 1
stands, 2
p-town, 1
ChapelHillShooting, 1
lying, 1
Perfect, 1
AnaMariaDeluca, 1
revandrem, 1
JR, 3
quedan, 1
melody, 1
aggravate, 1
//t.co/8yQ3Ybprpa, 1
starters, 1
Je, 3
NBAPreaches, 2
porque, 1
his, 25
hit, 4
whistle, 1
wolfcam88, 1
11-0, 3
Both, 4
him, 14
hin, 1
THIS, 6
xxbebaxx15, 3
Autumn_r223, 1
Musiik, 1
BayBridge, 1
Plays, 1
2.., 1
rebs, 5
defense, 5
dumb, 1
are, 143
matin, 1
Walkaway, 1
GODLIKE, 1
andrewbogut, 54
BEING, 1
consecutive, 1
'15-'16, 1
gotter, 1
solo, 1
Could, 3
outfit, 1
Harden, 1
LeBron, 118
AND, 7
volando, 1
GSWarriorsclub, 1
8am, 1
9:00, 1
//t.co/KejuifsiuH, 1
reasons, 1
sweet, 21
dudes, 2
//t.co/jrU4naHMbX, 1
Play, 4
pt, 2
due, 1
_RosePedals, 2
//t.co/7OrrwNZhJl, 1
whom, 1
pa, 1
pi, 4
whoa, 1
//t.co/WjOu4Ece71, 1
pm, 1
//t.co/LpJIloTCAb, 1
slideshow, 2
Mikaell_LeBron, 2
rocking, 9
Drops, 1
Warriors-, 6
//t.co/iFEssQQaLm, 1
abot, 1
kick, 5
Kobe, 2
Tin, 1
rid, 1
Co., 1
shirt, 4
sfbayarea, 1
Nation, 2
fueron, 1
9, 60
higher, 2
GOOD, 3
Coz, 1
Dear, 1
Ils, 2
YOU, 3
Dellavedova, 12
Almost, 4
Miller, 2
T, 1
RowOneBrand, 19
competitive, 1
75-75, 1
fundme, 2
Congrats'to, 1
Mullin, 1
//t.co/cA2UVUKySt, 1
Aaron_Becker32, 1
Congratulazioni, 1
Galdimeir, 1
arriba, 3
//t.co/2bsdAaxaoQ, 1
Last, 4
Glory, 1
//t, 72
o194, 3
//t.co/w5ZJzm7dmo, 1
READY, 3
Contina, 1
ABOUT, 1
newgrads, 1
fucking, 2
5NBA, 1
//t.co/NGXoDCxh2R, 1
Fire, 1
WINNER, 3
prof, 1
s/o, 2
withdrawals, 2
nuevo, 1
intense, 3
Iggy, 24
WARRIOR, 2
//t.co/eE9xqz6kYC, 1
nbacity, 1
Campeones, 20
ThatWildsBoy, 1
//t.co/12eEAhdLEr, 1
because, 2
plaisir, 2
//t.co/GoFqmegQNL, 1
noahbenjamin, 2
question, 1
KurokoNoBasket, 1
fast, 2
BALLING, 1
//t.co/urD3BoK533, 1
vincitori, 1
familia, 1
Austin, 1
//t.co/Ffm31zCkiZ, 1
//t.co/jySivPiv3A, 1
z, 3
//t.co/HnECWWCleW, 1
GSWvsCLE, 4
verdaderos, 1
rally, 1
goldenstatewarriors, 8
//t.co/NL8SVP7Htu, 1
Reigning, 1
NBA2015, 17
nica, 1
dtermination, 1
nice, 3
noche, 2
//t.co/gILZIORdSG, 3
finit, 1
Making, 5
//t.co/vT516AcY2I, 2
WarriorsNBAChamps, 10
//t.co/rpNloFeo9l, 1
happier, 2
NKE, 1
CaliHoop, 1
IggyFlopper, 2
//t.co/uaHdle1iCt, 1
TAKE, 4
WarriorsBaby, 3
legais, 1
scroll, 1
once, 4
okayimdone, 1
visitoakland, 1
gana, 13
currymvp, 6
unes, 1
gane, 1
adjustment, 2
gano, 1
battus, 1
MANY, 3
//t.co/oXkzsCJeey, 2
EXaholics, 1
ridiculousness, 1
sniper, 1
parentals, 2
aplaude, 3
drinking, 1
//t.co/UZkAURUYri, 3
//t.co/7T0JHX89FI, 1
congrats, 66
//t.co/Y0nrzCUPwE, 1
//t.co/lnbWklluBB, 3
smaller, 1
DJZONE3ATL, 2
wrestling, 1
matthewdelly, 3
State, 95
//t.co/FD0Vs69Ywh, 1
traveling, 1
-7reb-4ast, 1
MontePooleCSN, 1
//t.co/xvHLqAFN8B, 2
Tucker, 2
waiting, 2
flicitations, 1
//t.co/zyyCsPKC4Y, 1
Impressive, 1
//t.co/IosWVelAun, 1
Yup, 1
Up, 7
puede, 1
stephcurrywiththeshotboi, 4
Clap, 1
settling, 1
hellyeah, 1
grandes, 3
Un, 2
TeamWIN, 2
MVPIggy, 1
NBAChampionsMVP, 1
bandwagonfan, 1
from, 48
&, 206
few, 7
DubCity, 1
sort, 1
//t.co/ct1, 5
youcannotgaurdsteph, 1
sore, 2
beyond_short, 1
basketissimo, 2
demuestra, 1
Bawal, 1
ALL, 6
//t.co/Knp9uB6pLu, 2
Vamo, 1
Nooooo, 1
//t.co/rXlmwrgqBc, 1
tau, 1
Cavalebronairs, 1
something, 2
//t.co/2YD5jJVTHs, 1
Party, 5
Australian, 1
HUGE, 13
lindsay_ramon, 1
six, 1
instead, 3
struggled, 1
NBAChamps2015nbachamp, 1
//t.co/PSx6lsOOMh, 2
BANG, 3
Booted, 2
rolou, 1
//t.co/lCED7Bm0Ua, 1
NORTHERN, 1
light, 6
honestly, 2
Kings, 3
Hammet, 1
Hammer, 15
ganaremos, 1
*Oliver, 8
//t.co/hRYxOqFRgB, 1
131, 1
looks, 9
GameOver, 2
viendo, 1
BackUpTeam, 1
thisisMNsports, 1
ESPN_Colin, 1
//t.co/RAZDmfGeJz, 1
choose, 1
GerardoBoscan, 1
serie, 9
Jayy_the_ripper, 1
practice, 1
Cav, 6
CanYouDigIt, 1
Can, 13
BANGGGGGGG, 1
Summer, 1
//t.co/g2kuDv24HO, 1
Ehlo'ed, 1
champ, 3
//t.co/LAvCoiqBiY, 1
//t.co/ntPRB4NBnv, 1
studios, 1
//t.co/775Lr78llo, 1
related, 1
Next, 1
89, 1
AYYY, 1
our, 27
80, 1
nbafinals, 28
86, 1
84, 1
85, 3
clinching, 1
OneMore, 2
//t.co/CJSJdc06QI, 4
cristianmdsport, 1
Baby, 3
CHAMPIONS, 40
KWLO, 1
This, 55
WOW, 1
nuit, 2
WON, 5
8p, 1
//t.co/V3Yx2FGjY3, 1
Gone, 1
//t.co/6IGRwrj2vc, 1
NOOO, 1
conversation, 1
j'ai, 1
katamari, 1
up1game, 1
Swizz2525, 1
//t.co/G3gnWpnPgs, 1
szokipeti01, 2
their, 21
ShakeDay, 1
//t.co/KEClADUCLU, 1
ImPhilos, 1
//t.co/gUzBmiDRCX, 1
beastmode, 1
Outstanding, 1
//t.co/0kxfxPLztg, 1
//t.co/jT8BwTja1e, 1
Jollibee, 1
Game6, 19
Game5, 54
//t.co/KztnQJGDrB, 1
pre-game, 2
After, 5
hechos, 1
which, 3
seront, 1
=, 4
2stls, 1
trndnl, 1
who, 31
TeamBuiltOnFaith, 1
comparado, 1
class, 2
Lock, 1
Pot, 1
Por, 4
Pop, 1
High, 1
Stevevillano11, 2
congrations, 1
dijo, 4
chances, 1
niet, 1
feat, 2
Reddit, 1
clutching, 1
cleveland_cavaliers, 1
//t.co/1HxBEPtqhD, 1
workin, 1
watching, 11
amiguis, 1
goosebumps, 1
wordt, 1
ones, 1
champions, 33
THE, 28
qu, 2
MitchMossRadio, 1
//t.co/gjJxyWwPN7, 1
partit, 1
KellyOlynyk, 2
available, 3
PLAYS, 1
Thinking, 2
Warriorsin7, 1
Warriorsin6, 6
TurnThisMuthaOut, 1
Superstar, 1
warriorswin, 1
closer, 6
Twist, 8
RileyCurryForPresident, 1
superb, 1
favor, 2
closed, 1
AndreIgoudala9, 3
digifold, 1
frustrated, 1
Minute, 2
//t.co/Vi4S1Yoyaq, 1
Mrspculv, 2
joy, 1
pumped, 2
embarrassment, 1
job, 18
jon, 1
jaymohrsports, 1
BeEasyOakland, 1
atleast, 1
brony, 1
THEM, 1
CHAMPIONSHIP, 4
soy, 1
walk, 2
Finally, 22
ImagineSuCara, 5
respect, 2
charts, 1
xandos, 1
FREE, 4
Face, 2
STATE, 4
innerhalb, 1
laluzjose, 1
EarlyArrival, 3
wilw, 1
will, 45
wild, 1
MORE, 5
ringing, 1
refs, 11
thus, 2
sundaynight, 1
encouragement, 1
Hope, 6
Loving, 6
uptime, 2
//t.co/PRpPyC0zfY, 1
Giovannalidium, 1
gets, 10
pretenders, 1
beast, 3
//t.co/qKLAlFDzsc, 1
celtic, 1
Baloncesto, 1
WarriorsIn7, 3
WarriorsIn6, 11
States, 2
//t.co/c2mZLsWtwv, 1
gutted, 1
english, 1
//t.co/3o7TY0VzsJ, 1
//t.co/p0rhRAQlLD, 1
LaetitiaCrld, 1
looked, 2
state.., 1
loveit, 1
//t.co/rifIYtaEk9, 2
//t.co/tJsA4tqpDa, 1
YEEEEEEE, 1
565-1053, 1
Argentina, 1
yaptrmayacaz, 1
//t.co/L9KkjjnuyX, 1
Far, 1
GAMEGOLF, 2
Fav, 3
FtheCavs, 4
book, 1
Fan, 1
HUMAN, 1
ski, 1
hunnits, 1
GameFive, 1
kayng, 1
//t.co/S1HdUvgIzZ, 1
know, 17
facial, 1
press, 2
Nigga, 1
DOUBLE, 1
loser, 2
//t.co/qFdZl8V8IL, 10
nigga, 2
Sub, 1
flagrant, 1
//t.co/SNxkfonF7c, 1
//t.co/syjORudzsP, 4
lead, 34
14th, 1
ayeshacurry, 1
panalo, 1
getting, 11
//t.co/LcUUPyC7VY, 1
shipping, 4
swear, 4
40pts-14reb-11-ast, 1
sighting, 1
Travelzoo, 6
Really, 1
own, 5
//t.co/ZJM0ocK9cQ, 1
//t.co/htVEMhMhF0, 1
Hawks, 1
dubbio, 1
promise, 1
hitting, 2
Ball, 3
gradschoolproblems, 1
posters, 1
matalo, 1
NBAfinals, 1
Champions, 61
GSvsCLE, 1
Dude, 2
notbad, 1
Except, 1
squeeze, 1
//t.co/Z4wbDKnW3p, 2
made, 18
tactics, 1
Victoire, 1
WIN, 19
Ezeli, 1
//t.co/U5WLNgJan9, 1
record, 2
Back-To-Back, 1
//t.co/1sDp8EpPhd, 1
cake, 1
Nba, 3
worldseries, 1
YEEES, 1
Game6-, 3
trailing, 3
CavsSuck, 1
'll, 9
byebyeLebron, 1
incredible, 6
boot, 1
JoshPlascencia, 1
Landed, 1
other, 14
Five, 2
boom, 4
sick, 1
PLAY, 1
dance*, 1
moguls, 1
//t.co/fezuGDKhHr, 2
//t.co/CLs9EpS3yT, 1
Coach, 1
FANS, 3
gamein, 1
WarriorsChampionsBoom, 1
wardell30, 2
Picked, 1
Nonono, 1
Shooting, 3
